,Unnamed: 0,id,user,fullname,url,timestamp,replies,likes,retweets
0,0,1.1329770553003008e+18,KamdemAbdiel,Abdiel kamdem,,2019-05-27,0,0,0
1,1,1.1329770734027366e+18,bitcointe,Bitcointe,,2019-05-27,0,0,0
2,2,1.1329770238931396e+18,3eyedbran,Bran - 3 Eyed Raven,,2019-05-27,0,2,1
3,3,1.1329770890895564e+18,DetroitCrypto,J. Scardina,,2019-05-27,0,0,0
4,4,1.1329770923401912e+18,mmursaleen72,Muhammad Mursaleen,,2019-05-27,0,0,0
5,5,1.1329771003093196e+18,0nurTOKA,ğŸ»ğŸ”«ğŸ’¥ğŸ‚ğŸš€ğŸ™,,2019-05-27,0,0,0
6,6,1.1329771016388977e+18,evilrobotted,evilrobotted,,2019-05-27,0,0,0
7,7,1.1329771088363232e+18,jabur_guilherme,Guilherme Jabur,,2019-05-27,0,0,0
8,8,1.1329771318503503e+18,INTBICON,å„„ã‚Šäººå½¼æ°,,2019-05-27,0,0,0
9,9,1.1329771327145615e+18,MLWright15,ML Wright,,2019-05-27,0,0,0
10,10,1.1329770769219338e+18,ltonews,LTONEWS,,2019-05-27,0,14,2
11,11,1.1308783553755012e+18,giving_airdrops,Daily_Airdrops,,2019-05-21,47,81,84
12,12,1.1312086624233551e+18,Cybintelligence,CybIntelligence,,2019-05-22,3,2,7
13,13,1.1329771221029806e+18,optbus_hw45,Optimized Business,,2019-05-27,1,1,1
14,14,1.1329226631130234e+18,CCNMarkets,CCN.com,,2019-05-27,5,167,68
15,15,1.1268810833148356e+18,mickad666,micka,,2019-05-10,0,0,0
16,16,1.1329770689483488e+18,coingiftt,ï¼‘ä¸‡å††ãƒ—ãƒ¬ä¼ç”»ğŸæ¯æœˆé–‹å‚¬,,2019-05-27,0,0,1
17,17,1.1329770670485258e+18,malfouh,Emad Almalfouh,,2019-05-27,1,1,1
18,18,1.1329715514716036e+18,BoilingPointLTC,Dr. Rob D.eez Nutz,,2019-05-27,1,19,6
19,19,1.1329274559859791e+18,giving_airdrops,Daily_Airdrops,,2019-05-27,14,40,39
20,20,1.1327521375812036e+18,BerlyChain,Berly Chain,,2019-05-26,1,28,4
21,21,1110302988.0,halfin,halfin,,2009-01-11,790,14470,5542
22,22,1.1240047461452228e+18,Drife_official,Drife,,2019-05-02,6,282,85
23,23,1.1329771589751192e+18,AvaTrade,AvaTrade,,2019-05-27,0,0,0
24,24,1.1329771641759823e+18,noticias_bit,Bit NotÃ­cias,,2019-05-27,0,0,0
25,25,1.1329771554307072e+18,charlesaunger,Charles Aunger,,2019-05-27,0,0,0
26,26,1.13297717252685e+18,damiaovieiraofc,DamiÃ£o Vieira,,2019-05-27,0,0,0
27,27,1.1329771727784058e+18,charlesaunger,Charles Aunger,,2019-05-27,0,0,0
28,28,1.13297718591087e+18,sigizmundo8,sigizmund,,2019-05-27,0,0,0
29,29,1.132977189694124e+18,FinZTribune,ZTribune,,2019-05-27,0,0,0
30,30,1.1329771956333036e+18,jjhulla9,Jayy sqaur3d,,2019-05-27,0,0,0
31,31,1.1329771993326468e+18,sheikki,sheikki,,2019-05-27,0,0,0
32,32,1.1329775027276184e+18,DeepaBh00343796,Deepa Bhardwaj,,2019-05-27,0,0,0
33,33,1.1328231377568196e+18,crypto_birb,Cryptoâ‚¿irb,,2019-05-27,31,141,8
34,34,1.1329771641257082e+18,dergigi,Gigi,,2019-05-27,1,1,1
35,35,1.1329044597497896e+18,IndodaxOfficial,Indonesia Digital Asset Exchange,,2019-05-27,3,12,8
36,36,1.1329783234984428e+18,DastardlyDaniel,â’¹-â“€â’¶â“ƒâ’¼,,2019-05-27,0,0,0
37,37,1.1322284845524868e+18,cryptowhitewalk,Crypto White Walker,,2019-05-25,8,94,76
38,38,1.1056102490698831e+18,coinairdropall,Crypto Airdrops,,2019-03-12,1,0,1
39,39,1.1329772220949708e+18,nave_en_kumar,Naveen,,2019-05-27,0,0,1
40,40,1.1329802684391503e+18,DeribitRekt,DeribitRekt,,2019-05-27,0,0,0
41,41,1.1329802684936152e+18,DeribitRekt,DeribitRekt,,2019-05-27,0,0,0
42,42,1.132977222623617e+18,Utoday_en,U.today,,2019-05-27,0,1,1
43,43,1.1327919330283192e+18,lalooovi,Laloo,,2019-05-26,0,0,0
44,44,1.1329771880877178e+18,OlatotseLegoh,legoh olatotse,,2019-05-27,0,0,1
45,45,1.1329761911142276e+18,crypto_sarah9,â­ï¸ Crypto Sarah â­ï¸,,2019-05-27,3,42,8
46,46,1.132977242823418e+18,lubian_gonzalez,Jose Maria Lubian Gonzalez,,2019-05-27,0,0,0
47,47,1.132977245801394e+18,nefertititrade,Nefertiti Tradebot,,2019-05-27,0,0,0
48,48,1.1329772464428852e+18,yh_shiraishi,Yohei Shiraishi,,2019-05-27,0,0,0
49,49,1.1329772501003428e+18,dung1prohb,AligaPika,,2019-05-27,0,0,0
50,50,1.13297725539371e+18,stolenfriend,Nighat Mursaleen,,2019-05-27,0,0,0
51,51,1.132977256358326e+18,dashpayprice,dashpayprice,,2019-05-27,0,0,0
52,52,1.1329772563165263e+18,CoinCapsAi,CoinCaps.ai,,2019-05-27,0,0,0
53,53,1.1329772596090348e+18,thehuntisonxyz,The hunt is on,,2019-05-27,0,0,0
54,54,1.1329772596381656e+18,TonirLapine4861,æš—å·é€šè²¨æƒ…å ±ï¼ ç¨¼ã,,2019-05-27,0,0,0
55,55,1.1329772599108772e+18,statesupervisch,indiazeppelin,,2019-05-27,0,0,0
56,56,1.1329772636228036e+18,tomar_saniya,Saniya Tomar,,2019-05-27,0,0,0
57,57,1.1329772655481568e+18,nuzakelijk,NUeconomie,,2019-05-27,0,0,0
58,58,1.1329748409594592e+18,Fahim_BTX,Fahim_â‚¿TX,,2019-05-27,4,28,16
59,59,1.1329772659005112e+18,eduardoleon22,eduardo leon,,2019-05-27,0,0,0
60,60,1.1329772662694666e+18,L00Y,ç¯ å‚ ğŸ¦€blockchainğŸ¦€,,2019-05-27,0,0,0
61,61,1.1329772674230312e+18,criptonizando,Criptonizando,,2019-05-27,0,0,0
62,62,1.1315640245487328e+18,CRESIOcoin,CRESIO,,2019-05-23,4,46,30
63,63,1.132977271629738e+18,Benysatriaputr3,Beny satria putra,,2019-05-27,0,0,0
64,64,1.1327527048356044e+18,Schuldensuehner,Holger Zschaepitz,,2019-05-26,11,109,52
65,65,1.1317773502096836e+18,cotrader_com,cotrader.com,,2019-05-24,2,14,8
66,66,1.1329772380964044e+18,IT_Times_de,IT-Times.de_IT News,,2019-05-27,0,0,1
67,67,1.1329710256776888e+18,TronVegasOnline,TronVegas,,2019-05-27,1,12,6
68,68,1.1329772675026698e+18,9OHifJ3LYR6pSrl,Ğ’Ğ»Ğ°Ğ´Ğ¸Ğ¼Ğ¸Ñ€,,2019-05-27,0,0,1
69,69,1.1329772721623776e+18,marko_55,ãƒãƒ«ã‚³,,2019-05-27,0,0,0
70,70,1.1329772726237798e+18,ccexapp,Bitcoin  Forecast ï£¿,,2019-05-27,0,0,0
71,71,1.132977276449112e+18,inputspike,Inputspike,,2019-05-27,0,0,0
72,72,1.132977276738388e+18,ernadettebond35,ã•ãã‚‰,,2019-05-27,0,0,0
73,73,1.132977288767787e+18,jasonclarktwit,Jason Clark,,2019-05-27,0,0,0
74,74,1.1329751191760156e+18,mariita52steem,mariita52,,2019-05-27,0,1,1
75,75,1.1329772941950812e+18,DavidKubot,David Kubot,,2019-05-27,0,0,0
76,76,1.1329772973954744e+18,EdnaSiSimpsons1,ä»®æƒ³é€šè²¨ã‚¤ã‚¿ãƒ,,2019-05-27,0,0,0
77,77,1.1329773010655232e+18,GolebiewskiGreg,Greg Golebiewski,,2019-05-27,0,0,0
78,78,1.1329773035862588e+18,beren_eroglu,Beren Eroglu,,2019-05-27,0,0,0
79,79,1.1329773157539348e+18,RolloMcFloogle,Rollo McFloogle,,2019-05-27,0,0,0
80,80,1.132977323614122e+18,PaulMcGowan75,Paul McGowan,,2019-05-27,0,0,0
81,81,1.1329773252247142e+18,jimmy_rosset,CryptoNaut,,2019-05-27,0,0,0
82,82,1.1329773349345608e+18,techterrene,Techterrene,,2019-05-27,0,0,0
83,83,1.1329773398670458e+18,hb_finanzen,HandelsblattFinanzen,,2019-05-27,0,0,0
84,84,1.1329343382474012e+18,BitcoinSergio,Sergio Valenzuela âš¡ Bitcoin y Criptomonedas,,2019-05-27,0,5,2
85,85,1.1328951728057672e+18,BelensayFinans,ğ”‚ğ‘’ÅŸğ’¾ğ“‚ğ’·ğ‘’ğ“ğ‘’ğ“ƒğ“ˆğ’¶ğ“,,2019-05-27,0,69,51
86,86,1.13292449699695e+18,theo_crypto99,TheoğŸ“š Crypto99â„¢,,2019-05-27,0,0,0
87,87,1.126826102956204e+18,thabubbajames,Crypto Bubba,,2019-05-10,0,0,0
88,88,1.132893150312186e+18,DigiFinex,DigiFinex Exchange,,2019-05-27,164,1335,161
89,89,1.1268191073226956e+18,SwingTrader1974,Ta-Trade,,2019-05-10,0,0,0
90,90,1.1268200463895674e+18,TxHodlEm,Texas HodlEm,,2019-05-10,0,0,1
91,91,1.1268203420250644e+18,Paul__Brainy,Paul Brainy,,2019-05-10,0,0,0
92,92,1.1329770152782438e+18,CryptoHangover,ğ”¼ğ•ğ•ğ• ğŸ˜¸ğŸ‘©â€ğŸš€ğŸ§™â€â™‚ï¸,,2019-05-27,1,29,7
93,93,1.1327378272828006e+18,neha,Neha Narula,,2019-05-26,54,715,70
94,94,1.1328281813948744e+18,APompliano,Pomp ğŸŒª,,2019-05-27,142,1476,177
95,95,1.1298635791198863e+18,m3tals1,m3tals,,2019-05-18,4,29,7
96,96,1.1327992404245583e+18,MoonOverlord,Moon Overlord,,2019-05-27,21,382,41
97,97,1.1329773512753231e+18,PaulESamson,Paul Samson,,2019-05-27,0,0,0
98,98,1.1328970824387706e+18,BelensayFinans,ğ”‚ğ‘’ÅŸğ’¾ğ“‚ğ’·ğ‘’ğ“ğ‘’ğ“ƒğ“ˆğ’¶ğ“,,2019-05-27,1,76,49
99,99,1.1329773661359556e+18,andrewfinney79,AndrewMacLean-Finney,,2019-05-27,0,0,0
100,100,1.13297737164723e+18,DetroitCrypto,J. Scardina,,2019-05-27,0,0,0
101,101,1.0393896005469962e+18,coinimonster,CoiniMonster (Not giving away Coins),,2018-09-11,0,3,2
102,102,1.132977387778519e+18,Carlos1138,Carlos R.,,2019-05-27,0,0,0
103,103,1.132977392136446e+18,coinspectator,Coin Spectator - Real-time cryptocurrency news,,2019-05-27,0,0,0
104,104,1.1329773984696484e+18,ThinkingETH,Arthur (Ether is Money),,2019-05-27,0,0,0
105,105,1.1329774059609048e+18,rhum01,rhum,,2019-05-27,0,0,0
106,106,1.132977413833601e+18,Ziba59188395,Ziba,,2019-05-27,0,0,0
107,107,1.1329774135777484e+18,CryptoBreakNews,Crypto Breaking News,,2019-05-27,0,0,0
108,108,1.1329774186025164e+18,AXAIRDAM,AXAIR,,2019-05-27,0,0,0
109,109,1.1329774189212384e+18,IDOLCOIN_bot,IDOLCOIN Price,,2019-05-27,0,0,0
110,110,1.13297741875764e+18,dcolgren,David Colgren,,2019-05-27,0,0,0
111,111,1.1329774215510588e+18,dcolgren,David Colgren,,2019-05-27,0,0,0
112,112,1.1329774239880068e+18,kryptonewsde,Krypto News DE,,2019-05-27,0,0,0
113,113,1.1329731337770353e+18,holochainnews,HOLONEWS,,2019-05-27,1,152,44
114,114,1.132894347723182e+18,BelensayFinans,ğ”‚ğ‘’ÅŸğ’¾ğ“‚ğ’·ğ‘’ğ“ğ‘’ğ“ƒğ“ˆğ’¶ğ“,,2019-05-27,0,63,47
115,115,1.1269502129148804e+18,Ozutam,Murat,,2019-05-10,0,0,0
116,116,1.1268842384212172e+18,de9roit,dice k,,2019-05-10,0,0,0
117,117,1.126889911255216e+18,b_mahyo,mahyo,,2019-05-10,0,0,0
118,118,1.1268946810135428e+18,sjmaliz,Sjmaliz,,2019-05-10,0,0,0
119,119,1.1269580259762954e+18,vexiked,Mike D,,2019-05-10,0,0,0
120,120,1.127004033162588e+18,hao32927291,hao,,2019-05-10,0,0,0
121,121,1.1270337788266456e+18,Verdict,ryan,,2019-05-11,0,0,0
122,122,1.1329774127011348e+18,Zel_Core,ZelCore-with â¤ï¸ by $Zel,,2019-05-27,0,3,2
123,123,1.13286571635551e+18,CryptoAmb,AMBCrypto,,2019-05-27,0,11,6
124,124,1.1268267406789672e+18,My42644955,My,,2019-05-10,0,0,0
125,125,1.1329803864038236e+18,yoshino_coin,yoshino,,2019-05-27,0,0,0
126,126,1.1328542836095754e+18,ProofOfSteve,Steve â‚¿,,2019-05-27,2,51,11
127,127,1.1328969908603288e+18,BelensayFinans,ğ”‚ğ‘’ÅŸğ’¾ğ“‚ğ’·ğ‘’ğ“ğ‘’ğ“ƒğ“ˆğ’¶ğ“,,2019-05-27,1,82,54
128,128,1.1328781417251676e+18,blocksearch,Blockchain Intelligence Group,,2019-05-27,0,7,3
129,129,1.1328513108968488e+18,Josh_Rager,Josh Rager ğŸ“ˆ,,2019-05-27,26,300,24
130,130,1.1329774437138228e+18,digital_mine_,digital mine âš¡ğŸ¤–ğŸ‘¨â€ğŸ’»,,2019-05-27,0,0,0
131,131,1.1329774562085356e+18,Rahulku48630663,Rahulxyz,,2019-05-27,0,0,0
132,132,1.1329774730529137e+18,WhatsappEmoji,whatshappening,,2019-05-27,0,0,0
133,133,1.1329774776792924e+18,boukman2004,Senet Achil,,2019-05-27,0,0,0
134,134,1.132977479499563e+18,BitcoinBlockNtf,BitcoinBlockNotifier,,2019-05-27,0,0,0
135,135,1.13297747949543e+18,BitcoinBlockNtf,BitcoinBlockNotifier,,2019-05-27,0,0,0
136,136,1.1329774843481088e+18,Tz225,1å„„UPã‚­ãƒã‚³,,2019-05-27,0,0,0
137,137,1.132977487539974e+18,khaights,ì½”ì¸ì½”ë“œ,,2019-05-27,0,0,0
138,138,1.1329774904886351e+18,hammileon,Ğ’Ğ¸ĞºÑ‚Ğ¾Ñ€,,2019-05-27,0,0,0
139,139,1.1329774923299471e+18,GabeCoin,Gabriel Sukenik,,2019-05-27,0,0,0
140,140,1.1328990629261926e+18,BelensayFinans,ğ”‚ğ‘’ÅŸğ’¾ğ“‚ğ’·ğ‘’ğ“ğ‘’ğ“ƒğ“ˆğ’¶ğ“,,2019-05-27,0,92,61
141,141,1.1329774541659708e+18,ArifSaiyad_ASA,Arif Saiyad,,2019-05-27,0,6,1
142,142,1.1329288894690712e+18,CoinDeskMarkets,CoinDesk Markets,,2019-05-27,2,27,7
143,143,1.1329045269550652e+18,100trillionUSD,Planâ‚¿,,2019-05-27,26,632,221
144,144,1.1329756055768516e+18,Stake,Stake.com,,2019-05-27,2,7,3
145,145,1.1329774906396344e+18,KKKukushkin,Eurokostyantyn Zozulya,,2019-05-27,1,2,1
146,146,1.1328993083726808e+18,BelensayFinans,ğ”‚ğ‘’ÅŸğ’¾ğ“‚ğ’·ğ‘’ğ“ğ‘’ğ“ƒğ“ˆğ’¶ğ“,,2019-05-27,0,86,53
147,147,1.1329498294269952e+18,AlekseyKhlopko,ãƒãƒ“ã‚¹ã‚¿@ä»®æƒ³é€šè²¨,,2019-05-27,0,47,56
148,148,1.1329774463771976e+18,bitcoin_ox,Bitcoin OX,,2019-05-27,55,45,45
149,149,1.1305205158174228e+18,AioCasino,AIO Casino,,2019-05-20,0,36,35
150,150,1.1328981656848836e+18,BelensayFinans,ğ”‚ğ‘’ÅŸğ’¾ğ“‚ğ’·ğ‘’ğ“ğ‘’ğ“ƒğ“ˆğ’¶ğ“,,2019-05-27,0,72,50
151,151,1.1329692421424168e+18,rektcapital,Rekt Capital,,2019-05-27,22,172,9
152,152,1.1329496277565848e+18,rektcapital,Rekt Capital,,2019-05-27,3,108,10
153,153,1.132977501934723e+18,wpeace4886,TWpeace4886,,2019-05-27,0,0,0
154,154,1.1329775037634804e+18,WawasanCepat,Boboho,,2019-05-27,0,0,0
155,155,1.1329775061920196e+18,Dosto420,Shoyli Sheikh,,2019-05-27,0,0,0
156,156,1.1329775083604376e+18,James_heart7,James_about_health,,2019-05-27,0,0,0
157,157,1.1329668991915048e+18,honanem,ã»ãªã­ã‚€@ãƒãƒƒãƒ ãƒãƒ³ã‚¼ãƒ ,,2019-05-27,0,2,1
158,158,1.1329775150799176e+18,BlockWatcher,Block Watcher,,2019-05-27,0,0,0
159,159,1.132977525221552e+18,ASalizas34360,é»’å´ä¸€è­·ä»®æƒ³é€šè²¨,,2019-05-27,0,0,0
160,160,1.1329775262114692e+18,imogenstephani1,ã‚‰ãâ˜†ã™ãŸé«˜è‰¯ã¿ã‚†ã,,2019-05-27,0,0,0
161,161,1.1329775272012554e+18,jexpotz,Jexpotz.com,,2019-05-27,0,0,0
162,162,1.1329775268113162e+18,Bitcoin_Win,Bitcoin Warrior,,2019-05-27,0,0,0
163,163,1.1329775285392344e+18,dotmops,.mops,,2019-05-27,0,0,0
164,164,1.1329775351285228e+18,gravityf0rce,universal mind,,2019-05-27,0,0,0
165,165,1.1329775386768792e+18,tomar_saniya,Saniya Tomar,,2019-05-27,0,0,0
166,166,1.1329775392598794e+18,tuyetnga97,Tuyet Nga,,2019-05-27,0,0,0
167,167,1.1329775447041556e+18,ereyestercrypto,ä»®æƒ³é€šè²¨ä¾¡æ ¼é€šçŸ¥BOT(BTC/JPY ETH/JPY XRP/JPY LTC/JPY),,2019-05-27,0,0,0
168,168,1.1329775449391022e+18,mrtrilllife,Daniel Esekhile,,2019-05-27,0,0,0
169,169,1.1329002267994072e+18,BelensayFinans,ğ”‚ğ‘’ÅŸğ’¾ğ“‚ğ’·ğ‘’ğ“ğ‘’ğ“ƒğ“ˆğ’¶ğ“,,2019-05-27,0,64,41
170,170,1.13297751880858e+18,leboncoincrypto,Le Bon Coin Crypto,,2019-05-27,0,0,1
171,171,1.1328447850169548e+18,barrysilbert,Barry Silbert,,2019-05-27,24,824,235
172,172,1.1323845389430004e+18,mdudas,Mike Dudas,,2019-05-25,38,376,38
173,173,1.1329019795110216e+18,BelensayFinans,ğ”‚ğ‘’ÅŸğ’¾ğ“‚ğ’·ğ‘’ğ“ğ‘’ğ“ƒğ“ˆğ’¶ğ“,,2019-05-27,0,66,41
174,174,1.1326558245082112e+18,MessariNews,Messari News,,2019-05-26,1,36,12
175,175,1.1329775501859962e+18,AKlem70,ãƒªãƒ­ã‚¢ãƒ³ãƒ‰ã‚¹ãƒ†ã‚£ãƒƒãƒ,,2019-05-27,0,0,0
176,176,1.1329775582141236e+18,KBryanW,Bryan Walker,,2019-05-27,0,0,0
177,177,1.1329775595688264e+18,HammerToe,Matt Hamilton,,2019-05-27,0,0,0
178,178,1.1329775638470778e+18,ZucksArmy,Zuck's Army,,2019-05-27,0,0,0
179,179,1.1329632432433152e+18,BitQueenBR,BitQueenBRğŸ‘‘ğŸ‡§ğŸ‡·,,2019-05-27,8,54,6
180,180,1.1329775740853862e+18,Cryptobite,CRYPTO,,2019-05-27,0,0,0
181,181,1.1329775749535948e+18,a_hamdyofficial,Voodoo,,2019-05-27,0,0,0
182,182,1.1329775797391156e+18,YellingLion,Yelling Lion Studio,,2019-05-27,0,0,0
183,183,1.1329775907996712e+18,bitcoinagile,BitcoinAgile,,2019-05-27,0,0,0
184,184,1.1329776002829884e+18,Glowto1994,Glowto,,2019-05-27,0,0,0
185,185,1.1329676954422968e+18,ThinkingXBT,ezbrah,,2019-05-27,17,89,8
186,186,1.1329413865278543e+18,raghav_nayan,Nayan,,2019-05-27,38,21,37
187,187,1.1325772688559144e+18,network_helios,Helios Network,,2019-05-26,43,70,64
188,188,1.1329775959041393e+18,AXAIRDAM,AXAIR,,2019-05-27,0,0,1
189,189,1.1088108832900956e+18,Airdropnotecom,Crypto Airdrops,,2019-03-21,0,13,13
190,190,1.132835260318638e+18,Ben_Harper,Ben ğŸŒ±,,2019-05-27,0,0,1
191,191,1.1329775562678148e+18,Wbackdown,Wonâ€™t â‚¿ack Down ğŸ’¥ğŸš€,,2019-05-27,1,4,2
192,192,1.132902035492356e+18,BelensayFinans,ğ”‚ğ‘’ÅŸğ’¾ğ“‚ğ’·ğ‘’ğ“ğ‘’ğ“ƒğ“ˆğ’¶ğ“,,2019-05-27,0,62,36
193,193,1.1327529100042484e+18,oryx_project,Oryx Token,,2019-05-26,0,19,16
194,194,1.1323745445750948e+18,sign_keys,SignKeys,,2019-05-25,91,203,155
195,195,1.1243285055446016e+18,CreditTerra,Terra Credit,,2019-05-03,213,1870,1744
196,196,1.132977613184602e+18,Inchingo,Did you wash your legs & feet today nasty?,,2019-05-27,0,0,0
197,197,1.1329776175340952e+18,Bob_Hopium,Bob Hopium ğŸš€ğŸš€ğŸš€ğŸ™ğŸ»ğŸ’ğŸ’ğŸ’,,2019-05-27,0,0,0
198,198,1.1329776226804612e+18,SquidCurious,CuriousSquid,,2019-05-27,0,0,0
199,199,1.1329776364251215e+18,DLCeMoney,#EstrategiaeMoney ğŸ’°,,2019-05-27,0,0,0
200,200,1.13297764169336e+18,bornaprpic,Borna Prpic,,2019-05-27,0,0,0
201,201,1.13297764464615e+18,Kointimes,KoinTimes,,2019-05-27,0,0,0
202,202,1.1329776523215462e+18,tomar_saniya,Saniya Tomar,,2019-05-27,0,0,0
203,203,1.1329776543223887e+18,DetroitCrypto,J. Scardina,,2019-05-27,0,0,0
204,204,1.1329776625515804e+18,jesusugas,Jesus Ugas,,2019-05-27,0,0,0
205,205,1.1329776740312268e+18,levanha87690860,levanhau,,2019-05-27,0,0,0
206,206,1.13297767682483e+18,KanoTheTruth,KanoË¢áµ›,,2019-05-27,0,0,0
207,207,1.1329539450248806e+18,KevinLWalker,Kevin L. Walker,,2019-05-27,0,3,2
208,208,1.1329804856746804e+18,ExpertOption1,ExpertOption,,2019-05-27,0,0,0
209,209,1.1329776842025574e+18,gilian1989,Gilian,,2019-05-27,0,0,0
210,210,1.1329776913914552e+18,r_gadangholic,welly r'gadangholic,,2019-05-27,0,0,0
211,211,1.1329776998304276e+18,cryptoshiro,ã‚¯ãƒ­ã‚¯ãƒªãƒ—ãƒˆã€Šç™½ã€‹,,2019-05-27,0,0,0
212,212,1.1329777006021222e+18,graysonjlm,grayson,,2019-05-27,0,0,0
213,213,1.132963563335762e+18,LoranKloeze,Loran Kloeze,,2019-05-27,1,4,3
214,214,1.1329807509938216e+18,Koning_Marc,Marc de Koning,,2019-05-27,0,0,0
215,215,1.1329814153755852e+18,hai39269446,hai,,2019-05-27,0,0,0
216,216,1.1268203947683185e+18,dragonblubz,DragonBlubZ,,2019-05-10,0,0,0
217,217,1.126822267789271e+18,muhammed27aslam,AslamPasha,,2019-05-10,0,0,0
218,218,1.1323315105041204e+18,maragigayan,ãƒãƒ¼ãƒ©ãƒ¼ããŒã‚„ã‚“ğŸ‡ blockchainğŸ‘¾,,2019-05-25,11,219,77
219,219,1.1271043741179494e+18,justinsuntron,Justin Sun,,2019-05-11,352,2653,727
220,220,1.1329776696903311e+18,cryptoprotocol_,Crypto protocol,,2019-05-27,0,0,1
221,221,1.1287887694890063e+18,btm_community,Bitcoin Mart,,2019-05-15,2104,4425,5070
222,222,1.1329803776084992e+18,In4Crypto,battbot,,2019-05-27,0,0,1
223,223,1.1325903452193914e+18,funontheride,Funontheride,,2019-05-26,0,9,2
224,224,1.132837402324742e+18,devnullius,âŒ #Altcoin Devvie âŒ,,2019-05-27,0,6,4
225,225,1.1328918605889084e+18,narumi_btc,ãªã‚‹ã¿ï¼ ä»®æƒ³é€šè²¨å¥³å­(ãƒã‚«ãƒ),,2019-05-27,0,9,2
226,226,1.1327980306237932e+18,DashDinheiro,Dash Brasil ğŸ‡§ğŸ‡·,,2019-05-26,0,6,3
227,227,1.13297770259046e+18,BitcoinBlockBot,BitcoinBlocks,,2019-05-27,0,0,0
228,228,1.1329777027328492e+18,BitcoinBlockBot,BitcoinBlocks,,2019-05-27,0,0,0
229,229,1.1329777172201268e+18,MoneyhealthF,MoneyHealth &Finance,,2019-05-27,0,0,0
230,230,1.1329777224714732e+18,job_scenar,Morpheus is Black Odero Omolo,,2019-05-27,0,0,0
231,231,1.1329777252101489e+18,geminigoldsaint,Lukman NH (a.k.a Lucky Sign),,2019-05-27,0,0,0
232,232,1.1329777334435676e+18,asakim_ylkeem,ãƒŸã‚«ã‚µ,,2019-05-27,0,0,0
233,233,1.1329777323867872e+18,SCOTTISHAGAINST,B,,2019-05-27,0,0,0
234,234,1.1329777350583336e+18,Rahulku48630663,Rahulxyz,,2019-05-27,0,0,0
235,235,1.1329777364047503e+18,JasonA181,Jason A,,2019-05-27,0,0,0
236,236,1.1329777386320608e+18,fatih_dr5858,Fatih YÄ±ldÄ±rÄ±m,,2019-05-27,0,0,0
237,237,1.1329777452968015e+18,Flik8888,Lorenzo,,2019-05-27,0,0,0
238,238,1.1329777477001994e+18,xcryptoxx,Crypto X,,2019-05-27,0,0,0
239,239,1.1329777508122993e+18,Cryptomaster_fr,Cryptomaster,,2019-05-27,0,0,0
240,240,1.1329777483794884e+18,alice_xxxaaa,"Alice @ crypto income only over $ 10,000 a month",,2019-05-27,0,0,0
241,241,1.13297775631104e+18,denissesandu,Denisse Sandu,,2019-05-27,0,0,0
242,242,1.1329777563530484e+18,FinZTribune,ZTribune,,2019-05-27,0,0,0
243,243,1.1329777634791668e+18,cryptonewszcom,CryptoNewsZ,,2019-05-27,0,0,0
244,244,1.1329777644941352e+18,fortivus,Fortivus Strategy Consulting,,2019-05-27,0,0,0
245,245,1.132977765429465e+18,Pillai_Sunil,Sunil G Pillai,,2019-05-27,0,0,0
246,246,1.132977765706113e+18,usamomentum,USA MOMENTUM,,2019-05-27,0,0,0
247,247,1.132977769174962e+18,starcontract,STARCONTRACT,,2019-05-27,0,0,0
248,248,1.1329777732477172e+18,coinwisdom2017,Coin Wisdom News,,2019-05-27,0,0,0
249,249,1.1329777621578464e+18,HowardKoo_IM,Howard Koo,,2019-05-27,0,0,0
250,250,1.128043667099476e+18,satoexchange,SatoExchange,,2019-05-13,200,455,387
251,251,1.132964354389889e+18,Graham__Hannah,BrewD0G,,2019-05-27,0,0,0
252,252,1.132977773805494e+18,Cryptobuddy13,Cryptobuddy,,2019-05-27,0,0,0
253,253,1.1329777655425352e+18,iagunyl,Iaguny@FollowbackğŸ’¯@Bitcoin@Crypto,,2019-05-27,0,0,0
254,254,1.13297777664068e+18,dovizaltin,finans,,2019-05-27,0,0,0
255,255,1.1329777723289722e+18,iagunyl,Iaguny@FollowbackğŸ’¯@Bitcoin@Crypto,,2019-05-27,0,0,0
256,256,1.1329777787630592e+18,takefum50085177,takefumi,,2019-05-27,0,0,0
257,257,1.1329777812879524e+18,tomar_saniya,Saniya Tomar,,2019-05-27,0,0,0
258,258,1.1329777802938982e+18,wandar47995,ãƒ—ãƒ¼ã•ã‚“â˜†ãƒ—ãƒ¬ã‚¼ãƒ³ãƒˆ,,2019-05-27,0,0,0
259,259,1.1329777833391432e+18,gilian1989,Gilian,,2019-05-27,0,0,0
260,260,1.13297779709227e+18,my_first_1btc,Crypto-info,,2019-05-27,0,0,0
261,261,1.132977797264302e+18,yusfreak,Yus,,2019-05-27,0,0,0
262,262,1.1329777989797724e+18,my_first_1btc,Crypto-info,,2019-05-27,0,0,0
263,263,1.1329778139659343e+18,Ysruh_El,Fernando MartÃ­nez,,2019-05-27,0,0,0
264,264,1.1329778141170033e+18,Miha_Levin,ĞœĞ¸Ñ…Ğ°Ğ¸Ğ» Ğ›ĞµĞ²Ğ¸Ğ½,,2019-05-27,0,0,0
265,265,1.1329778207607192e+18,odebdeb,KING MON,,2019-05-27,0,0,0
266,266,1.1329778234408756e+18,GeorgeGlorio,GeorgeGlorio,,2019-05-27,0,0,0
267,267,1.1329778277231695e+18,coin68,Coin68 - Tin tá»©c tiá»n Ä‘iá»‡n tá»­ má»—i ngÃ y,,2019-05-27,0,0,0
268,268,1.1329778280630764e+18,cot_criptomoeda,CotaÃ§Ã£o Criptomoedas,,2019-05-27,0,0,0
269,269,1.1329787783663288e+18,bitcoin_renaiw,ã€KJã€‘æŠ•è³‡/FX/å‹‰å¼·ä¸­,,2019-05-27,0,0,0
270,270,1.1329746214379028e+18,Bodhi_Zaffa,Joey 2 Stacks B.A. ğŸ‡¨ğŸ‡¦,,2019-05-27,0,0,2
271,271,1.132977782865236e+18,palevell,Patrick Allan ğŸ‡¨ğŸ‡¦ğŸ‡ºğŸ‡¸,,2019-05-27,0,5,1
272,272,1.1329777854320844e+18,myDex_pay,MyDex_pay,,2019-05-27,0,6,3
273,273,1.1328696257110876e+18,BelensayFinans,ğ”‚ğ‘’ÅŸğ’¾ğ“‚ğ’·ğ‘’ğ“ğ‘’ğ“ƒğ“ˆğ’¶ğ“,,2019-05-27,1,59,45
274,274,1.132458067696554e+18,newsbtc,NEWSBTC,,2019-05-25,3,31,20
275,275,1.1329777952467764e+18,Cryptoformatics,Cryptoformatics Hub,,2019-05-27,0,0,1
276,276,1.132840117574492e+18,markets,Bloomberg Markets,,2019-05-27,2,68,38
277,277,1.132971973489832e+18,MADinMelbourne,$TheWildCard,,2019-05-27,11,17,2
278,278,1.1328161305553716e+18,xtdisnkfe,Master âš¡ï¸,,2019-05-27,6,110,17
279,279,1.1329777747072614e+18,macrodesiac_,David Belle,,2019-05-27,7,28,3
280,280,1.1329778339392308e+18,TanaPicks,TanaPicks | æ£šåŸç¿”å¹³ãƒ–ãƒ­ã‚°,,2019-05-27,0,0,0
281,281,1.132977834853638e+18,javadth71,javadth ÙˆØ¨Ú¯Ø±Ø¯,,2019-05-27,0,0,0
282,282,1.1329778369339432e+18,cceptence,++,,2019-05-27,0,0,0
283,283,1.1329778357218756e+18,optbus_hw45,Optimized Business,,2019-05-27,0,0,0
284,284,1.1329778370135204e+18,Candii_ce,Candice,,2019-05-27,0,0,0
285,285,1.1329778477720412e+18,CuanERC20,CUAN ERC20,,2019-05-27,0,0,0
286,286,1.1329778511946424e+18,Benysatriaputr3,Beny satria putra,,2019-05-27,0,0,0
287,287,1.1329778514797896e+18,fxm12000,D,,2019-05-27,0,0,0
288,288,1.1329778536690524e+18,kojunel,Harun A.,,2019-05-27,0,0,0
289,289,1.1329778569322414e+18,riko_pranata2,RikoPranata,,2019-05-27,0,0,0
290,290,1.1329778592141596e+18,Crypto_Nikki,Crypto Nikki,,2019-05-27,0,0,0
291,291,1.1329778609545788e+18,ryahoo_kage,guntou[ç¾¤å³¶]@å…¬èªä¼šè¨ˆå£«ã«ãŠã‚Œã¯ãªã‚‹,,2019-05-27,0,0,0
292,292,1.1329778688484024e+18,forexcrunch,Forex Crunch,,2019-05-27,0,0,0
293,293,1.1329778700395928e+18,Mbuijames,James,,2019-05-27,0,0,0
294,294,1.1329778704589084e+18,nafisalam,Nafis Alam,,2019-05-27,0,0,0
295,295,1.1329810530256036e+18,Valenti03713316,Valentin,,2019-05-27,0,0,1
296,296,1.1327752486953532e+18,Josh_Rager,Josh Rager ğŸ“ˆ,,2019-05-26,18,140,12
297,297,1.1279743972754511e+18,Rhythmtrader,Rhythm,,2019-05-13,115,5549,1954
298,298,1.1328700709910404e+18,BelensayFinans,ğ”‚ğ‘’ÅŸğ’¾ğ“‚ğ’·ğ‘’ğ“ğ‘’ğ“ƒğ“ˆğ’¶ğ“,,2019-05-27,0,63,57
299,299,1.1315953709187644e+18,lopp,Jameson Lopp,,2019-05-23,36,1126,249
300,300,1.1268255253836512e+18,rippening,TheRippening,,2019-05-10,0,0,0
301,301,1.1329729070371676e+18,Onur_Goksungur,Onur GÃ¶ksungur,,2019-05-27,3,61,8
302,302,1.132670248077783e+18,TheSoulCab,Soul Cab ğŸš•ğŸš–,,2019-05-26,0,4,1
303,303,1.1327681101157212e+18,zerohedge,zerohedge,,2019-05-26,15,201,87
304,304,1.13275432149658e+18,FixedFloat,FixedFloatâš¡ï¸,,2019-05-26,0,31,29
305,305,1.1328703932687729e+18,BelensayFinans,ğ”‚ğ‘’ÅŸğ’¾ğ“‚ğ’·ğ‘’ğ“ğ‘’ğ“ƒğ“ˆğ’¶ğ“,,2019-05-27,0,74,54
306,306,1.1329779033046752e+18,cryptohellmuth,Phill,,2019-05-27,0,0,0
307,307,1.1329779171332956e+18,coinspectator,Coin Spectator - Real-time cryptocurrency news,,2019-05-27,0,0,0
308,308,1.132977934568964e+18,PaulMcGowan75,Paul McGowan,,2019-05-27,0,0,0
309,309,1.1329779379118324e+18,DetroitCrypto,J. Scardina,,2019-05-27,0,0,0
310,310,1.1329432663270154e+18,CryptoBuyers,Crypto Buyers Club UK,,2019-05-27,0,0,0
311,311,1.1328859400101272e+18,BelensayFinans,ğ”‚ğ‘’ÅŸğ’¾ğ“‚ğ’·ğ‘’ğ“ğ‘’ğ“ƒğ“ˆğ’¶ğ“,,2019-05-27,0,50,44
312,312,1.1329717179310202e+18,gregzupanc,Gregor Zupanc,,2019-05-27,0,4,2
313,313,1.1329652103006044e+18,jasoncreation,Jason Sibley,,2019-05-27,0,1,2
314,314,1.1325030878375812e+18,Forty__3,ÙÙ° ğŸŒ».,,2019-05-26,1,12,17
315,315,1.1327674762767072e+18,awecoin,AweCoin.me #AWE,,2019-05-26,36,67,74
316,316,1.1323694949516532e+18,ruchira30541190,ruchira,,2019-05-25,0,0,0
317,317,1.1329045641501572e+18,Tronunicash,Tron Universal Coin,,2019-05-27,15,31,23
318,318,1.1326727816766996e+18,kallerosenbaum,Kalle Rosenbaum,,2019-05-26,3,137,30
319,319,1.1328856758319064e+18,BelensayFinans,ğ”‚ğ‘’ÅŸğ’¾ğ“‚ğ’·ğ‘’ğ“ğ‘’ğ“ƒğ“ˆğ’¶ğ“,,2019-05-27,1,57,53
320,320,1.1327781501134927e+18,yassineARK,Yassine Elmandjra,,2019-05-26,10,551,80
321,321,1.1328860833001512e+18,BelensayFinans,ğ”‚ğ‘’ÅŸğ’¾ğ“‚ğ’·ğ‘’ğ“ğ‘’ğ“ƒğ“ˆğ’¶ğ“,,2019-05-27,0,54,45
322,322,1.1328565921167932e+18,BitTorrent,BitTorrent Inc.,,2019-05-27,13,343,96
323,323,1.13288624604339e+18,BelensayFinans,ğ”‚ğ‘’ÅŸğ’¾ğ“‚ğ’·ğ‘’ğ“ğ‘’ğ“ƒğ“ˆğ’¶ğ“,,2019-05-27,0,51,38
324,324,1.1329779524702577e+18,Ultragate_,Ultragate,,2019-05-27,0,0,0
325,325,1.1329779539089736e+18,klimenos,Klimenos,,2019-05-27,0,0,0
326,326,1.132977956735914e+18,BTC_kamehameha,Vegeta ğŸ’­,,2019-05-27,0,0,0
327,327,1.1329779703715388e+18,sigizmundo8,sigizmund,,2019-05-27,0,0,0
328,328,1.1329779815116228e+18,Crypto_Nuggets,CryptoNugs.club ğŸ•³ ğŸ‡,,2019-05-27,0,0,0
329,329,1.1329779819393393e+18,tomar_saniya,Saniya Tomar,,2019-05-27,0,0,0
330,330,1.1329779889817436e+18,coinspectator,Coin Spectator - Real-time cryptocurrency news,,2019-05-27,0,0,0
331,331,1.1329779910702572e+18,Y_Speculation,Y,,2019-05-27,0,0,0
332,332,1.1329780027431116e+18,CasinosandGames,Casinos And Games,,2019-05-27,0,0,0
333,333,1.1329780035695206e+18,Nakameowdough,Satoshi Nakameowdough,,2019-05-27,0,0,0
334,334,1.126693094710104e+18,Tradermayne,Mayne,,2019-05-10,18,435,40
335,335,1.132960080880472e+18,officialmudrex,Mudrex,,2019-05-27,0,3,3
336,336,1.1268212175525436e+18,cadillacjoe2001,cadillacjoe2001,,2019-05-10,0,0,0
337,337,1.1268229950188134e+18,terexa555,Vlad,,2019-05-10,0,0,0
338,338,1.1268232201229272e+18,terexa555,Vlad,,2019-05-10,0,0,0
339,339,1.1268267705971302e+18,JohnnyCrypto3,Johnny Crypto,,2019-05-10,0,0,0
340,340,1.1268900513869128e+18,TI__Ed,TIED,,2019-05-10,0,0,0
341,341,1.127004265858224e+18,birmas,birmas,,2019-05-10,0,0,0
342,342,1.1328865983187764e+18,BelensayFinans,ğ”‚ğ‘’ÅŸğ’¾ğ“‚ğ’·ğ‘’ğ“ğ‘’ğ“ƒğ“ˆğ’¶ğ“,,2019-05-27,0,46,41
343,343,1.1328870431373312e+18,BelensayFinans,ğ”‚ğ‘’ÅŸğ’¾ğ“‚ğ’·ğ‘’ğ“ğ‘’ğ“ƒğ“ˆğ’¶ğ“,,2019-05-27,1,55,45
344,344,1.132247273427964e+18,mrjasonchoi,Jason Choi,,2019-05-25,244,5910,1620
345,345,1.132975809713414e+18,mwill_crypto,Matthew Willemsen,,2019-05-27,2,29,5
346,346,1.1328891775431228e+18,FranceCryptos,FRANCE CRYPTOS ğŸ”—,,2019-05-27,0,0,1
347,347,1.1329216399377487e+18,Bullyena,Bullyena ğŸ³,,2019-05-27,0,0,0
348,348,1.13286109805346e+18,CryptoTraffico,Traffico$CryptoğŸ’€,,2019-05-27,12,2,2
349,349,1.1329780153343098e+18,ErikTaban,Erik Taban,,2019-05-27,0,0,0
350,350,1.1329780212484916e+18,Emprend_Now,Emprende News,,2019-05-27,0,0,0
351,351,1.1329780194238586e+18,ilham_rabiul,andy_lam,,2019-05-27,0,0,0
352,352,1.1329768158348288e+18,Sevdaa96977263,Sevdaa,,2019-05-27,0,0,1
353,353,1.132978027871318e+18,voypedia,Voypedia Store,,2019-05-27,0,0,0
354,354,1.1329780378325728e+18,mpulsehjmn011,ä»®æƒ³é€šè²¨ã¯ãŸã‘ã‚«ã‚«ã‚·,,2019-05-27,0,0,0
355,355,1.1329251360914063e+18,FatihSK87,FatihSK,,2019-05-27,11,252,63
356,356,1.1329780468001504e+18,bitcoinagile,BitcoinAgile,,2019-05-27,0,0,0
357,357,1.132978052433154e+18,topisto42,TOPISTO,,2019-05-27,0,0,0
358,358,1.1329780775276748e+18,mrhenrypye,Henry Wira,,2019-05-27,0,0,0
359,359,1.1329780839239924e+18,CryptoMagical,Crypto Magical,,2019-05-27,0,0,0
360,360,1.1329780886465944e+18,Andr3wJackson,AndrewJackson,,2019-05-27,0,0,0
361,361,1.132978092962648e+18,Hatem36566947,Hatem,,2019-05-27,0,0,0
362,362,1.1329780169156404e+18,AlertTrade,"Trade Alerts, Trade Ideas and Crypto ğŸ“ˆ",,2019-05-27,0,0,2
363,363,1.1329780288024004e+18,BinexNews,Binex News,,2019-05-27,0,1,1
364,364,1.1329540119155672e+18,mmPE2Id1LFB6Qcc,ãƒãƒ³ãƒãƒ³,,2019-05-27,0,0,0
365,365,1.1286550246308209e+18,cryptowhitewalk,Crypto White Walker,,2019-05-15,3,24,21
366,366,1.1329781730194022e+18,cripto247,Cripto247,,2019-05-27,0,6,3
367,367,1.1329577734556632e+18,phonandroid,Phonandroid ğŸ¤–ğŸ“±ğŸ“°âš¡,,2019-05-27,1,2,2
368,368,1.1329780181237514e+18,Crypto31946751,Crypto,,2019-05-27,0,1,1
369,369,1.1325808646159604e+18,weedcoder,"Julien Guitton, Bitcoiner ğŸ•¶ï¸ğŸ¸ğŸ¿ğŸ“ˆğŸŒ•",,2019-05-26,2,16,5
370,370,1.1045199693988168e+18,coinairdropall,Crypto Airdrops,,2019-03-09,0,0,1
371,371,1.1327303019591025e+18,BelensayFinans,ğ”‚ğ‘’ÅŸğ’¾ğ“‚ğ’·ğ‘’ğ“ğ‘’ğ“ƒğ“ˆğ’¶ğ“,,2019-05-26,3,86,72
372,372,1.1329475949326212e+18,EXUofficial,EXU,,2019-05-27,0,29,22
373,373,1.1329781021355992e+18,SenecaScalps,Seneca Scalps,,2019-05-27,0,0,0
374,374,1.1329781089849548e+18,AhmedHakimTV,Ahmed Hakim ğŸ¥‡,,2019-05-27,0,0,0
375,375,1.1329781139257958e+18,IGold777,IGold,,2019-05-27,0,0,0
376,376,1.1329781156622868e+18,lacer2k,Livio Andrea Acerbo,,2019-05-27,0,0,0
377,377,1.1329781233460796e+18,twme1231,å‰¯æ¥­å§‹ã‚ã¾ã—ãŸ,,2019-05-27,0,0,0
378,378,1.1329781236816732e+18,caraeloise17,â™š ğ“ğ“»ğ“½ğ“¼ğ”‚ ğ“’ğ“±ğ“²ğ“¬ â™š,,2019-05-27,0,0,0
379,379,1.1329781354258511e+18,QazCrypto,QazCrypto.kz,,2019-05-27,0,0,0
380,380,1.1329781469516228e+18,ValeriAniina,VALERI ANIINA,,2019-05-27,0,0,0
381,381,1.1329781470438604e+18,CryptoNewswire,CryptoNewswire ğŸŒ,,2019-05-27,0,0,0
382,382,1.1329781589349088e+18,HattoriHundo,dane,,2019-05-27,0,0,0
383,383,1.1329781703895204e+18,aperozo75,Alfredo Perozo,,2019-05-27,0,0,0
384,384,1.1329151899032698e+18,OneHanSolo,Han Solo ğŸ’¥ğŸš€ğŸŒ,,2019-05-27,2,66,24
385,385,1.1329740244458332e+18,Cryptopoly,CryptoRaptor,,2019-05-27,2,16,7
386,386,1.1329018431707588e+18,masaemon_x,æ”¿å³è¡›é–€ masaemon ãƒªãƒƒãƒ—ãƒ« XRP,,2019-05-27,0,0,0
387,387,1.132978149136978e+18,Crypto31946751,Crypto,,2019-05-27,0,1,1
388,388,1.1327271248534812e+18,BelensayFinans,ğ”‚ğ‘’ÅŸğ’¾ğ“‚ğ’·ğ‘’ğ“ğ‘’ğ“ƒğ“ˆğ’¶ğ“,,2019-05-26,2,84,78
389,389,1.1326402381180232e+18,Josh_Rager,Josh Rager ğŸ“ˆ,,2019-05-26,8,132,23
390,390,1.1328611741717504e+18,vegardwikeby,Vegard Wikeby,,2019-05-27,3,28,10
391,391,1.13280680484327e+18,Excellion,Samson Mow,,2019-05-27,15,321,64
392,392,1.1329781035281692e+18,Crypto31946751,Crypto,,2019-05-27,0,1,1
393,393,1.1329781878714447e+18,webnowcompany,webnow,,2019-05-27,0,0,0
394,394,1.1329781924891444e+18,PrincessPaglin1,Princess Paglinawan,,2019-05-27,0,0,0
395,395,1.132978200253014e+18,BitcoinMyFaucet,Bitcoin My Faucet,,2019-05-27,0,0,0
396,396,1.1329782067458127e+18,webnowcompany,webnow,,2019-05-27,0,0,0
397,397,1.1329782078782628e+18,odebdeb,KING MON,,2019-05-27,0,0,0
398,398,1.1329782097153064e+18,SquawkCrypto,Crypto squawk,,2019-05-27,0,0,0
399,399,1.1329782113468868e+18,webnowcompany,webnow,,2019-05-27,0,0,0
400,400,1.1329782202011238e+18,webnowcompany,webnow,,2019-05-27,0,0,0
401,401,1.132978220624732e+18,DetroitCrypto,J. Scardina,,2019-05-27,0,0,0
402,402,1.132978221551538e+18,santobd11,santo,,2019-05-27,0,0,0
403,403,1.132978229063512e+18,icirebel,icirebel,,2019-05-27,0,0,0
404,404,1.1329782292815832e+18,joozo202,Qlehend,,2019-05-27,0,0,0
405,405,1.1329782311523368e+18,joo20429,Muwqhdktal,,2019-05-27,0,0,0
406,406,1.132978233681404e+18,msdenmail,"America, I love you",,2019-05-27,0,0,0
407,407,1.132978241466118e+18,bkhgogo,benjake,,2019-05-27,0,0,0
408,408,1.1329804461852956e+18,dimdeDici,Dici,,2019-05-27,0,0,0
409,409,1.1329794404791624e+18,LanaAmadaa,LANA AMADAA,,2019-05-27,0,0,0
410,410,1.1315604154925998e+18,vizyonergenccom,vizyonergenc,,2019-05-23,0,1,1
411,411,1.1268239228366193e+18,GalaxyTraging,GalaxyTrading,,2019-05-10,0,0,0
412,412,1.126824037840302e+18,satoshi77island,Satoshi-island,,2019-05-10,0,0,0
413,413,1.1268255671003176e+18,emess001,Emesz,,2019-05-10,0,0,0
414,414,1.1329756689485536e+18,rhum01,rhum,,2019-05-27,2,5,2
415,415,1.1056068019140608e+18,CoinsAirdrops,Crypto Airdrops,,2019-03-12,1,13,9
416,416,1.07887315437688e+18,TheBitfi,Bitfi - open source: bitfi.dev,,2018-12-29,9,61,16
417,417,1.132753305942266e+18,LeoDiCrypt0,Leo,,2019-05-26,8,29,5
418,418,1.131907873552896e+18,kevin_legaltech,Kevin Gracia SimÃ³,,2019-05-24,2,3,7
419,419,1.1326139479688928e+18,CryptoJasonNL,Crypto Jason,,2019-05-26,2,7,2
420,420,1.13297825245526e+18,lykan2go,Pr!e$t [NOT GIVING AWAY CRYPTO],,2019-05-27,0,0,0
421,421,1.132978255735218e+18,preach,josh. â‚¿,,2019-05-27,0,0,0
422,422,1.1329782581300388e+18,MarkCam94074648,Krypto Kram,,2019-05-27,0,0,0
423,423,1.1329782616827864e+18,a_pahm,Margaret Owen,,2019-05-27,0,0,0
424,424,1.13297826771413e+18,RepoortSpike,Crypto Spikes,,2019-05-27,0,0,0
425,425,1.1329782712331672e+18,Jorgemoya_91,Jorge,,2019-05-27,0,0,0
426,426,1.1329782829770956e+18,hauntedsfmnb011,æ¾æœ¬BLEACHä¹±èŠ,,2019-05-27,0,0,0
427,427,1.1329782833839308e+18,hani587623,é å±±å’Œè‘‰@ä»®æƒ³é€šè²¨,,2019-05-27,0,0,0
428,428,1.1329782853512644e+18,starcontract,STARCONTRACT,,2019-05-27,0,0,0
429,429,1.1329782999095008e+18,riko_pranata2,RikoPranata,,2019-05-27,0,0,0
430,430,1.1329783016376728e+18,coincerberus,coincerberus,,2019-05-27,0,0,0
431,431,1.1329783044729284e+18,med_LinkedIn,Le petit prince,,2019-05-27,0,0,0
432,432,1.1329781065101434e+18,hiroaya05071210,hiro,,2019-05-27,0,0,1
433,433,1.1329783225586852e+18,Jane82139557,Jane,,2019-05-27,0,0,0
434,434,1.1329782884508426e+18,NatPostRadio,National Post Radio,,2019-05-27,0,0,1
435,435,1.1325910812484484e+18,Xentagz,Dennis Parkerâš¡ï¸,,2019-05-26,7,686,207
436,436,1.1327651145856655e+18,feavl3IFVZ8jipJ,èµ¤ã„å½—æ˜Ÿ,,2019-05-26,0,6,6
437,437,1.132978297128796e+18,hibeekay_lee,Sugar_,,2019-05-27,0,1,1
438,438,1.1329572514409268e+18,1aitokens,Ai Token,,2019-05-27,18,24,21
439,439,1.1270458017699308e+18,mironyan,Yavruyan E,,2019-05-11,0,0,0
440,440,1.13290275501688e+18,redditships,relationships.txt,,2019-05-27,143,1863,201
441,441,1.1146306777885368e+18,Coinkolik,Coinkolik,,2019-04-06,0,8,3
442,442,1.127164184440058e+18,RT0ph3,t0ph3R,,2019-05-11,0,0,0
443,443,1.1329613796970824e+18,tradingroomapp,Trading Room,,2019-05-27,33,70,13
444,444,1.1271814900963656e+18,ifebigh_,OKIJA,,2019-05-11,0,0,0
445,445,1.1324979076370554e+18,tsubasa_yozawa,ä¸æ²¢ ç¿¼,,2019-05-26,3,185,20
446,446,1.1308523500069272e+18,IdaxJapan,IDAX JAPAN official,,2019-05-21,1,47,80
447,447,1.1329783252138598e+18,felicebalsamo,Felice Balsamo,,2019-05-27,0,0,0
448,448,1.132978326329389e+18,RTGDENN,Rene Dennesen,,2019-05-27,0,0,0
449,449,1.1329783303349248e+18,cryptostreet5,cryptostreet,,2019-05-27,0,0,0
450,450,1.1329783496077516e+18,AdamJorge7,Adam Jorge,,2019-05-27,0,0,0
451,451,1.1329783608653208e+18,cryptorich9,cryptorich,,2019-05-27,0,0,0
452,452,1.1268241007464202e+18,cryptobhoy,Kevin Gladstone,,2019-05-10,0,0,0
453,453,1.1329783636125532e+18,PrincessPaglin1,Princess Paglinawan,,2019-05-27,0,0,0
454,454,1.1329783703068751e+18,LorenRTechGuy,Loren Robinson,,2019-05-27,0,0,0
455,455,1.1329783760488284e+18,smith_jasona,Jasona Smith,,2019-05-27,0,0,0
456,456,1.132978378812924e+18,odebdeb,KING MON,,2019-05-27,0,0,0
457,457,1.1329782995445882e+18,poohko29,SugakoğŸ¿,,2019-05-27,0,0,1
458,458,1.1329783884598272e+18,NyuuRoe,Nyuu,,2019-05-27,0,0,0
459,459,1.1329783884052276e+18,ZarkMuckerbarn,Zarkâ‚¿ank,,2019-05-27,0,0,0
460,460,1.132978397330649e+18,EASYMONEY75,EASYMONEY7,,2019-05-27,0,0,0
461,461,1.1329783992391352e+18,amonnews,AMONNEWS,,2019-05-27,0,0,0
462,462,1.1327673903102404e+18,BtcBlockBot,Bitcoin Block Bot,,2019-05-26,7,262,88
463,463,1.1329802684474696e+18,DeribitRekt,DeribitRekt,,2019-05-27,0,0,0
464,464,1.1292030007093862e+18,dogcash_Project,DogCash (DOG) Token Official,,2019-05-17,500,607,540
465,465,1.13294926239071e+18,dandoll,Daniel,,2019-05-27,0,0,0
466,466,1.1268244720554312e+18,taraba777,è¶Šå‰  ğŸ•ä¸‰ã€Š   ã€‹,,2019-05-10,0,0,0
467,467,1.1329147278210332e+18,cryptobuzznews,Cryptoâ‚¿uzzâ„¢,,2019-05-27,0,11,8
468,468,1.132980023336456e+18,Kevinsapunto2,Kevinsapunto,,2019-05-27,0,0,0
469,469,1.132783727413588e+18,unknown_bitcoin,unknown,,2019-05-26,1,39,9
470,470,1.119221369919746e+18,Airdropnotecom,Crypto Airdrops,,2019-04-19,1,12,14
471,471,1.132978402217091e+18,jlingomusic,Johnny Lingo Music,,2019-05-27,0,0,0
472,472,1.1329784036892836e+18,WhaleTrades,Whale Trades ğŸ³,,2019-05-27,0,0,0
473,473,1.132978413734699e+18,_CryptoReality_,ğŸ˜ Crypto Reality ğŸ˜,,2019-05-27,0,0,0
474,474,1.1329784138060184e+18,seasea43765591,seasea,,2019-05-27,0,0,0
475,475,1.132978414154072e+18,thecryptobeard1,thecryptobeard,,2019-05-27,0,0,0
476,476,1.1329784142799544e+18,jimmidwight,Jimmy Smith,,2019-05-27,0,0,0
477,477,1.132978414925832e+18,seanmatthewilly,Sean Matthew Williamson,,2019-05-27,0,0,0
478,478,1.1329784159408864e+18,KBCCHANNELTV,KBCCHANNEL.TV,,2019-05-27,0,0,0
479,479,1.1329784185622936e+18,nicklasmladen,nicklasmladen,,2019-05-27,0,0,0
480,480,1.1329784246733903e+18,blogotey,Ğ‘Ğ¸Ğ·Ğ½ĞµÑ-Ğ–ÑƒÑ€Ğ½Ğ°Ğ»,,2019-05-27,0,0,0
481,481,1.1329784301386056e+18,wester992,KROKOP VESTER,,2019-05-27,0,0,0
482,482,1.132978440121008e+18,blogotey,Ğ‘Ğ¸Ğ·Ğ½ĞµÑ-Ğ–ÑƒÑ€Ğ½Ğ°Ğ»,,2019-05-27,0,0,0
483,483,1.1329784403978895e+18,odebdeb,KING MON,,2019-05-27,0,0,0
484,484,1.1329784437365556e+18,SoldierofGod_7,âœï¸,,2019-05-27,0,0,0
485,485,1.1329784506152305e+18,hamada5719812,Ø­Ù…Ø§Ø¯Ù‡ Ù…Ø­Ù…Ø¯,,2019-05-27,0,0,0
486,486,1.1329784619564276e+18,CryptoPranav,Pranav A,,2019-05-27,0,0,0
487,487,1.132978464930304e+18,blec2021,blec2021,,2019-05-27,0,0,0
488,488,1.1329784770685748e+18,Micheal90120164,DLT will set you free,,2019-05-27,0,0,0
489,489,1.1329784796565135e+18,JoeSmo4Sho,Joseph Renne,,2019-05-27,0,0,0
490,490,1.132650917659054e+18,1aitokens,Ai Token,,2019-05-26,74,104,89
491,491,1.132955835687211e+18,BelensayFinans,ğ”‚ğ‘’ÅŸğ’¾ğ“‚ğ’·ğ‘’ğ“ğ‘’ğ“ƒğ“ˆğ’¶ğ“,,2019-05-27,1,71,53
492,492,1.1326779584124928e+18,koinmedya_,KoinMedya,,2019-05-26,0,0,0
493,493,1.1293641395188448e+18,TokenVimee,ViMee Token,,2019-05-17,1,155,161
494,494,1.1329601350499288e+18,Vindyne8,Vindyne8,,2019-05-27,0,15,14
495,495,1.1329784945379492e+18,freeza5300001,ä»®æƒ³é€šè²¨ãƒ•ãƒªãƒ¼ã‚¶,,2019-05-27,0,0,0
496,496,1.1329785024986972e+18,oleksfx,Oleks Forex Trade,,2019-05-27,0,0,0
497,497,1.1329785036353576e+18,May900705643,May9ng,,2019-05-27,0,0,0
498,498,1.1329785143602298e+18,corinatida,corina tida,,2019-05-27,0,0,0
499,499,1.1329785157986632e+18,nepenet,Forex Bitcoin signals,,2019-05-27,0,0,0
500,500,1.1329785239062936e+18,AdamJorge7,Adam Jorge,,2019-05-27,0,0,0
501,501,1.1329785275512628e+18,Cambridge_360,Cambridge 360,,2019-05-27,0,0,0
502,502,1.1329785315484426e+18,toker_chic,The OG - Grace Lee,,2019-05-27,0,0,0
503,503,1.132978531359572e+18,NcvpeXRXkVdTnC4,ä¹ƒæœ¨å‚ï¼ ä»®æƒ³é€šè²¨,,2019-05-27,0,0,0
504,504,1.13297853585605e+18,MrTopStep,MrTopStep,,2019-05-27,0,0,0
505,505,1.1329785395638351e+18,MikeCautillo,Mike Cautillo,,2019-05-27,0,0,0
506,506,1.1329785393666332e+18,PrintingBTC,TraderTJğŸ†âœª,,2019-05-27,0,0,0
507,507,1.1329785431414906e+18,DetroitCrypto,J. Scardina,,2019-05-27,0,0,0
508,508,1.13297854569583e+18,coincerberus,coincerberus,,2019-05-27,0,0,0
509,509,1.1329555283999048e+18,BelensayFinans,ğ”‚ğ‘’ÅŸğ’¾ğ“‚ğ’·ğ‘’ğ“ğ‘’ğ“ƒğ“ˆğ’¶ğ“,,2019-05-27,2,74,66
510,510,1.1329136133441905e+18,sabotagebeats,Dogeoshi NakadoggoÂ©,,2019-05-27,0,0,0
511,511,1.1327630622331164e+18,Silver_Watchdog,Silver Watchdog,,2019-05-26,4,36,14
512,512,1.124213533338624e+18,iamjosephyoung,Joseph Young,,2019-05-10,11,296,55
513,513,1.1268244890466876e+18,yelitzardgz,Yeli ğŸ¤·ğŸ¼â€â™€ï¸âœ¨,,2019-05-10,0,0,0
514,514,1.1268245987780772e+18,clapvenezuela1,clapvenezuela,,2019-05-10,0,0,0
515,515,1.1323362386634874e+18,Collegicoin,Collegicoin CLG,,2019-05-25,1,374,282
516,516,1.1293529965617972e+18,standard_mobil,standard mobil,,2019-05-17,1,60,26
517,517,1.132965240021377e+18,CoinDeskMarkets,CoinDesk Markets,,2019-05-27,11,167,57
518,518,1.1329785122798756e+18,NexinterDigital,Nexinter Exchange,,2019-05-27,0,2,1
519,519,1.132958281583026e+18,BelensayFinans,ğ”‚ğ‘’ÅŸğ’¾ğ“‚ğ’·ğ‘’ğ“ğ‘’ğ“ƒğ“ˆğ’¶ğ“,,2019-05-27,2,79,67
520,520,1.1329785462663128e+18,CryptoTaxHelpUK,Crypto Tax Helper,,2019-05-27,0,0,0
521,521,1.1329785482837236e+18,Bitcoin_Crowd,Bitcoin Crowd,,2019-05-27,0,0,0
522,522,1.1329785489044644e+18,coincerberus,coincerberus,,2019-05-27,0,0,0
523,523,1.1329785527422648e+18,coincerberus,coincerberus,,2019-05-27,0,0,0
524,524,1.1329785527339377e+18,cryptoc0in,Cryptocurrency.Tech,,2019-05-27,0,0,0
525,525,1.1329785549526588e+18,pierre_rochard,Pierre Rochard [ğŸŒ®âš¡ï¸ğŸ”‘],,2019-05-27,0,0,0
526,526,1.1329785549065788e+18,coincerberus,coincerberus,,2019-05-27,0,0,0
527,527,1.1329785553132012e+18,BITCONNECTBIZ,BITCONNECT,,2019-05-27,0,0,0
528,528,1.1329785577376768e+18,CryptoCubanito,XRP Raconteur,,2019-05-27,0,0,0
529,529,1.1329785671203388e+18,webnowcompany,webnow,,2019-05-27,0,0,0
530,530,1.132978577622876e+18,ggty,Giovanni G Torelly,,2019-05-27,0,0,0
531,531,1.1329785859444284e+18,AshishS17228231,CRYPTOVERSE (GIVING AWAY KNOWLEDGE),,2019-05-27,0,0,0
532,532,1.132978591627698e+18,JackDha34896095,Jack Dhaniel,,2019-05-27,0,0,0
533,533,1.1329785932466584e+18,WasabiAnnouncer,Wasabi Round Announcer,,2019-05-27,0,0,0
534,534,1.132978594991489e+18,EasyNODESBtc,EasyNODESBtc,,2019-05-27,0,0,0
535,535,1.1329786004817018e+18,PrincessPaglin1,Princess Paglinawan,,2019-05-27,0,0,0
536,536,1.1329786043574108e+18,BulbulAhad4,Bulbul Ahad,,2019-05-27,0,0,0
537,537,1.1329786059132846e+18,Dung_le264,DungLe,,2019-05-27,0,0,0
538,538,1.132978607792566e+18,denisis73,evgeniy,,2019-05-27,0,0,0
539,539,1.1329786085391524e+18,Remi_Vladuceanu,Remi Vee ğŸ›¡ï¸,,2019-05-27,0,0,0
540,540,1.1329786138533272e+18,MKid12276995,MKid,,2019-05-27,0,0,0
541,541,1.1329786146794575e+18,Sp9336,meeeko,,2019-05-27,0,0,0
542,542,1.1329785751314472e+18,GlueThey,Glue The Crypto Cat,,2019-05-27,2,4,2
543,543,1.1329585359088271e+18,BelensayFinans,ğ”‚ğ‘’ÅŸğ’¾ğ“‚ğ’·ğ‘’ğ“ğ‘’ğ“ƒğ“ˆğ’¶ğ“,,2019-05-27,1,85,78
544,544,1.13278372725855e+18,CCNMarkets,CCN.com,,2019-05-26,17,565,200
545,545,1.1326727417511196e+18,Vindyne8,Vindyne8,,2019-05-26,0,14,14
546,546,1.1329786391365468e+18,BurtBacharat,Burt Bacharat,,2019-05-27,0,0,0
547,547,1.1329786512078193e+18,firmendaten,KRYPTO.international,,2019-05-27,0,0,0
548,548,1.1329786558130996e+18,TechiFishes,TechiFishes,,2019-05-27,0,0,0
549,549,1.132978663933272e+18,Cryptojunkie4,Cryptojunkie,,2019-05-27,0,0,0
550,550,1.1329786649271418e+18,coin68,Coin68 - Tin tá»©c tiá»n Ä‘iá»‡n tá»­ má»—i ngÃ y,,2019-05-27,0,0,0
551,551,1.1329786684631695e+18,KarenMa82080699,Karen Marques,,2019-05-27,0,0,0
552,552,1.1329786763860952e+18,btcbrwn1,GaryHubbard,,2019-05-27,0,0,0
553,553,1.132978681155072e+18,Alejsandra9,Alejsandra,,2019-05-27,0,0,0
554,554,1.126854321222582e+18,mesogis,mesogis,,2019-05-10,0,0,1
555,555,1.1329786940357876e+18,D9uXu8DBUQSE1en,ĞĞ¼Ğ¸Ğ½Ğ° Ğ“ÑƒĞ±Ğ°Ğ¹Ğ´ÑƒĞ»Ğ»Ğ¸Ğ½Ğ°,,2019-05-27,0,0,0
556,556,1.132978694115324e+18,henryxliu,Henry ğŸˆ³,,2019-05-27,0,0,0
557,557,1.1329786997273231e+18,LsJo5HV6eTHg2Z2,ã»ã¼é¯–ğŸŒ¸ã§ã™ã‚ãŒ,,2019-05-27,0,0,0
558,558,1.1329787064802876e+18,hamada5719812,Ø­Ù…Ø§Ø¯Ù‡ Ù…Ø­Ù…Ø¯,,2019-05-27,0,0,0
559,559,1.1329787163285504e+18,cyrusmontes4,cyrus montes,,2019-05-27,0,0,0
560,560,1.1329787301697084e+18,KarenMa82080699,Karen Marques,,2019-05-27,0,0,0
561,561,1.1329787385624207e+18,VoCtpgC8Ki241Rg,MN,,2019-05-27,0,0,0
562,562,1.132978737182642e+18,coinspectator,Coin Spectator - Real-time cryptocurrency news,,2019-05-27,0,0,0
563,563,1.1329696984112742e+18,markets,Bloomberg Markets,,2019-05-27,3,32,26
564,564,1.129299913857274e+18,KuCoinUpdates,KuCoin Updates,,2019-05-17,6,68,37
565,565,1.1329793114708952e+18,jayaur_bello,Jr. ğŸŒ¹,,2019-05-27,0,0,0
566,566,1.1329793140125656e+18,TarikJamilsubha,Tarik Jamil,,2019-05-27,0,0,0
567,567,1.1329786636481126e+18,CriptoTendencia,CriptoTendencia,,2019-05-27,0,3,2
568,568,1.1241620091786568e+18,eucxio,European Cryptocurrency Exchange (EUCX),,2019-05-03,24,114,1121
569,569,1.1329760469056591e+18,bitnovo,Bitnovo,,2019-05-27,0,12,5
570,570,1.1329787021811096e+18,JAssettrader,assettraders,,2019-05-27,1,4,1
571,571,1.132909173795115e+18,SanctiGrail,Parsifal Anonymous,,2019-05-27,0,0,0
572,572,1.1329787432727264e+18,Den99403208,Den,,2019-05-27,0,0,0
573,573,1.132978749669036e+18,Antu3032,Antu3032,,2019-05-27,0,0,0
574,574,1.1329787605532384e+18,cyrusmontes4,cyrus montes,,2019-05-27,0,0,0
575,575,1.1329787619080847e+18,BitcoinIndeciso,Bitcoin Indeciso,,2019-05-27,0,0,0
576,576,1.132978766429352e+18,DavidLaw,David Cameron Law,,2019-05-27,0,0,0
577,577,1.13297876696619e+18,PriceCurrency,ãƒ“ãƒƒãƒˆã‚³ã‚¤ãƒ³ä¾¡æ ¼ã‚¢ãƒ©ãƒ¼ãƒˆ,,2019-05-27,0,0,0
578,578,1.1329787700532796e+18,validityhjsgf,ã‚¢ã‚¤ãƒ³MML@ä»®æƒ³é€šè²¨,,2019-05-27,0,0,0
579,579,1.1329787700364e+18,vc_summary,ä»®æƒ³é€šè²¨ã‚µãƒãƒªãƒ¼ï¼ ç®¡ç†äºº,,2019-05-27,0,0,0
580,580,1.1329787707370292e+18,coinmarketwars,CoinMarketWars,,2019-05-27,0,0,0
581,581,1.1329787712780902e+18,decentralbox,Decentralbox,,2019-05-27,0,0,0
582,582,1.1329787779135284e+18,MobileStarts,Mo.bi,,2019-05-27,0,0,0
583,583,1.1329787834792468e+18,gaine835,ã‚¨ãƒ´ã‚¡ã‚¢ã‚¹ã‚«,,2019-05-27,0,0,0
584,584,1.132978783399506e+18,eurobuyeg9t011,ãƒ¯ãƒ³ãƒ”ãƒ¼ã‚¹ã‚¦ã‚½ãƒƒãƒ—,,2019-05-27,0,0,0
585,585,1.1329787961335316e+18,Ondernemertweet,Ondernemer tweets,,2019-05-27,0,0,0
586,586,1.131392317326123e+18,hold_mybags,Bobby C,,2019-05-23,0,0,0
587,587,1.1310118406143836e+18,M_a_N_i_Raj,Rao Munim,,2019-05-21,0,0,0
588,588,1.1268206855092184e+18,diagol1,Diana Golenishcheva,,2019-05-10,0,0,0
589,589,1.1328615902383022e+18,cryptomorrowcom,Cryptomorrow,,2019-05-27,0,0,0
590,590,1.1292974101010432e+18,kittyDCT19,CryptoKitty,,2019-05-17,40,48,43
591,591,1.132889088871129e+18,amtvmedia,Christopher Greene,,2019-05-27,13,34,3
592,592,1.1145464932587192e+18,Airdropnotecom,Crypto Airdrops,,2019-04-06,0,9,5
593,593,1.1329788124324209e+18,mehedi544000,mehedi Hasan,,2019-05-27,0,0,0
594,594,1.1329788179984916e+18,BoilingPointLTC,Dr. Rob D.eez Nutz,,2019-05-27,0,0,0
595,595,1.132978823191048e+18,MartinWolf13,Martin Wolf,,2019-05-27,0,0,0
596,596,1.1329788233629614e+18,sozvezdiez,Ğ¢Ğ°Ñ‚ÑŒÑĞ½Ğ° ĞĞ¹Ñ€Ğ¸Ñ…,,2019-05-27,0,0,0
597,597,1.132978826928173e+18,DetroitCrypto,J. Scardina,,2019-05-27,0,0,0
598,598,1.1329788289959444e+18,SuprInvest,Superior Invest,,2019-05-27,0,0,0
599,599,1.1329788343394548e+18,marcio_Ramalhob,Marcio Sousa,,2019-05-27,0,0,0
600,600,1.1329788386512527e+18,gorucker,hodlrdoc,,2019-05-27,0,0,0
601,601,1.1329788449132913e+18,snpsandrosim,sandro alex,,2019-05-27,0,0,0
602,602,1.1329788454457876e+18,WANMSF,Mohamad Safwan,,2019-05-27,0,0,0
603,603,1.1329788559443066e+18,AlfathNafal,Crypto Signalist FRIEND,,2019-05-27,0,0,0
604,604,1.132978858003714e+18,PlattsburghBTC,PlattsburghBTC,,2019-05-27,0,0,0
605,605,1.132978858733527e+18,ahmet4524,Ahmet,,2019-05-27,0,0,0
606,606,1.1329788602433988e+18,dung1prohb,AligaPika,,2019-05-27,0,0,0
607,607,1.1329788684181094e+18,BITMAN49678402,BITMAN,,2019-05-27,0,0,0
608,608,1.1329788699365088e+18,npotaz,Nick Potaczek,,2019-05-27,0,0,0
609,609,1.1327456349754982e+18,BelensayFinans,ğ”‚ğ‘’ÅŸğ’¾ğ“‚ğ’·ğ‘’ğ“ğ‘’ğ“ƒğ“ˆğ’¶ğ“,,2019-05-26,0,105,102
610,610,1.1329590491489772e+18,BelensayFinans,ğ”‚ğ‘’ÅŸğ’¾ğ“‚ğ’·ğ‘’ğ“ğ‘’ğ“ƒğ“ˆğ’¶ğ“,,2019-05-27,1,104,82
611,611,1.1329787772759448e+18,MichaelD4you,Michael D,,2019-05-27,0,5,6
612,612,1.1327507675369676e+18,iCryptoAndy,Crypto-Andy,,2019-05-26,1,10,3
613,613,1.1329719175251764e+18,Nishi8maru,ä»®æƒ³NISHI,,2019-05-27,1,99,16
614,614,1.1328354175212952e+18,BTCTN,Bitcoin News,,2019-05-27,28,91,37
615,615,1.1329568290073396e+18,BelensayFinans,ğ”‚ğ‘’ÅŸğ’¾ğ“‚ğ’·ğ‘’ğ“ğ‘’ğ“ƒğ“ˆğ’¶ğ“,,2019-05-27,1,69,61
616,616,1.1329029247559884e+18,davthewave,dave the wave,,2019-05-27,18,286,50
617,617,1.1329602022470287e+18,BelensayFinans,ğ”‚ğ‘’ÅŸğ’¾ğ“‚ğ’·ğ‘’ğ“ğ‘’ğ“ƒğ“ˆğ’¶ğ“,,2019-05-27,1,81,62
618,618,1.1329788859544945e+18,hemingu_,ã¸ã¿,,2019-05-27,0,0,0
619,619,1.1329788855058228e+18,NewsMerkle,The Merkle News,,2019-05-27,0,0,0
620,620,1.1329788884961688e+18,adsfljkadsflkj1,adfsasdf123231,,2019-05-27,0,0,0
621,621,1.13297889563913e+18,Wang99698727,Wang,,2019-05-27,0,0,0
622,622,1.1329788978999172e+18,Heavidor,David Low,,2019-05-27,0,0,0
623,623,1.1329786339691642e+18,HistoriaImagens,Schneizel,,2019-05-27,1,1,1
624,624,1.1329789019139356e+18,BitcoinBlockNtf,BitcoinBlockNotifier,,2019-05-27,0,0,0
625,625,1.132978902262014e+18,BlockWatcher,Block Watcher,,2019-05-27,0,0,0
626,626,1.1329789128398644e+18,RoseWeich,LufttropfenjÃ¤ger,,2019-05-27,0,0,0
627,627,1.1329789233258618e+18,odebdeb,KING MON,,2019-05-27,0,0,0
628,628,1.1329789282456494e+18,pine29,ã‚ã‚“ãŸæœ€é«˜ã ã‚ˆ,,2019-05-27,0,0,0
629,629,1.1270458602343384e+18,mironyan,Yavruyan E,,2019-05-11,0,0,0
630,630,1.130096546199085e+18,loteomission,LOTEO,,2019-05-19,3,51,44
631,631,1.1314810874803528e+18,iam_furbie,furbie,,2019-05-23,0,0,0
632,632,1.1329549047698144e+18,BelensayFinans,ğ”‚ğ‘’ÅŸğ’¾ğ“‚ğ’·ğ‘’ğ“ğ‘’ğ“ƒğ“ˆğ’¶ğ“,,2019-05-27,0,74,57
633,633,1.1329262037095956e+18,BelensayFinans,ğ”‚ğ‘’ÅŸğ’¾ğ“‚ğ’·ğ‘’ğ“ğ‘’ğ“ƒğ“ˆğ’¶ğ“,,2019-05-27,0,83,66
634,634,1.1271897222064372e+18,OpenUp40,KAYE,,2019-05-11,0,0,0
635,635,1.1272413784197242e+18,Hery2095k,Hery,,2019-05-11,0,0,0
636,636,1.132747944795562e+18,27ketex27,umutsarÄ±,,2019-05-26,6,241,65
637,637,1.132771293940478e+18,AdeldMeyer,Adel de Meyer,,2019-05-26,2,139,40
638,638,1.1323331226940006e+18,GoCryptoCrunch,CryptoCrunchApp,,2019-05-25,0,1,1
639,639,1.1325074307541156e+18,GemCrypto,Gem,,2019-05-26,26,209,14
640,640,1.1327470911539608e+18,BelensayFinans,ğ”‚ğ‘’ÅŸğ’¾ğ“‚ğ’·ğ‘’ğ“ğ‘’ğ“ƒğ“ˆğ’¶ğ“,,2019-05-26,0,125,109
641,641,1.1329212903089684e+18,oceanprotocol,Ocean Protocol,,2019-05-27,5,106,29
642,642,1.1329789452368527e+18,OLNetworker,Online Networker,,2019-05-27,0,0,0
643,643,1.1329789580127354e+18,pauloepis,Paulo Alberto de Oliveira Pereira,,2019-05-27,0,0,0
644,644,1.1329789680998684e+18,tomtom_kanakana,å¤©äº•å¤§é­”ç‹,,2019-05-27,0,0,0
645,645,1.1329789802130144e+18,Cris_Lee__,Cris Lee [BTC] ğŸš€âš¡,,2019-05-27,0,0,0
646,646,1.13297898466329e+18,ChineseFNEnglsh,ChineseInvestors.com,,2019-05-27,0,0,0
647,647,1.1329350047519004e+18,CryptoTrustca,Crypto Trust,,2019-05-27,0,0,3
648,648,1.1329790354478652e+18,asdbdehgdbhdf10,ã´ã‹ã´ã‹ã´ã‹ã¡ã‚…ã†,,2019-05-27,0,0,0
649,649,1.1329790008154726e+18,MithSeraphi,Seraphi $mith,,2019-05-27,0,0,0
650,650,1.1329790021282076e+18,Sunil95241251,Sunil,,2019-05-27,0,0,0
651,651,1.132979007048151e+18,100folds,Vladimir Cadet,,2019-05-27,0,0,0
652,652,1.1329790174416936e+18,putrajorozz,Putra Jorozz,,2019-05-27,0,0,0
653,653,1.1329790214305137e+18,EduardoRoo,Eduardo Rodriguez,,2019-05-27,0,0,0
654,654,1.1329790236534948e+18,btc_report,Bitcoin Report,,2019-05-27,0,0,0
655,655,1.1329790252012462e+18,r_pinto54,R Ã¾Ã¯Ã±â€ Ã° âœ  ğŸ‡µğŸ‡¹,,2019-05-27,0,0,0
656,656,1.1329790236073452e+18,CamiloMonroyP,Sirotkamo,,2019-05-27,0,0,0
657,657,1.1329790266944964e+18,gorucker,hodlrdoc,,2019-05-27,0,0,0
658,658,1.1329790275206062e+18,btc_report,Bitcoin Report,,2019-05-27,0,0,0
659,659,1.1329789907786548e+18,ilyas00015,ilyasdz015,,2019-05-27,0,0,1
660,660,1.1327464446104288e+18,CryptoN_T,CryptoNT,,2019-05-26,1,3,3
661,661,1.1279687753980968e+18,DParsha,DP,,2019-05-13,0,0,0
662,662,1.1319957988148428e+18,CCNMarkets,CCN.com,,2019-05-24,2,65,19
663,663,1.1327460386647324e+18,BelensayFinans,ğ”‚ğ‘’ÅŸğ’¾ğ“‚ğ’·ğ‘’ğ“ğ‘’ğ“ƒğ“ˆğ’¶ğ“,,2019-05-26,0,103,90
664,664,1.132978797828018e+18,aron_shardax,Aron,,2019-05-27,3,29,11
665,665,1.1329568507505743e+18,VincentGanne,Vincent Ganne,,2019-05-27,0,1,1
666,666,1.1327501445525912e+18,BK_Black_white,ãƒ“ã‚±ãƒ«ãƒãƒ³2.0Rippleï¼ BKF48 è£œæ¬ ,,2019-05-26,5,283,39
667,667,1.1327504839181312e+18,KoroushAK,Koroush AK,,2019-05-26,2,36,4
668,668,1.1328843859365028e+18,Vindyne8,Vindyne8,,2019-05-27,0,14,15
669,669,1.1329521553238056e+18,KuCoinUpdates,KuCoin Updates,,2019-05-27,7,96,41
670,670,1.1056111297730068e+18,coinairdropall,Crypto Airdrops,,2019-03-12,0,0,1
671,671,1.1329790406025624e+18,herylwalker1996,ã‚µãƒªãƒãƒ³,,2019-05-27,0,0,0
672,672,1.1329790411940044e+18,rumbobkolla953,ä»®æƒ³é€šè²¨BLEACHç¹”å§«,,2019-05-27,0,0,0
673,673,1.1329790419280076e+18,asdbdeh60391773,ãƒ¯ãƒ³ãƒ”ãƒ¼ã‚¹ä»®æƒ³é€šè²¨ã‚¦ã‚½ãƒƒãƒ—,,2019-05-27,0,0,0
674,674,1.1329790518812751e+18,MasterminingNet,Master Mining,,2019-05-27,0,0,0
675,675,1.1329790584788664e+18,Ju5tBitcoin,Justin Biontic,,2019-05-27,0,0,0
676,676,1.1329790628786912e+18,popeye_crypto,Crypto Popeye,,2019-05-27,0,0,0
677,677,1.132979065433014e+18,Kediri_020,.,,2019-05-27,0,0,0
678,678,1.1329696856354776e+18,PaleoCrypto,Paleo Crypto,,2019-05-27,0,2,1
679,679,1.1329790818495078e+18,Swahilipages,Swahilipages,,2019-05-27,0,0,0
680,680,1.1329790900031528e+18,anoop_rana,Anoop Rana,,2019-05-27,0,0,0
681,681,1.1329790920415846e+18,NewsBitcoins,BitNews,,2019-05-27,0,0,0
682,682,1.1329790930357862e+18,AzamShaghaghi,Azam Shaghaghi,,2019-05-27,0,0,0
683,683,1.1329791101484892e+18,whattonews,WHATTONEWS,,2019-05-27,0,0,0
684,684,1.1329791134242284e+18,DetroitCrypto,J. Scardina,,2019-05-27,0,0,0
685,685,1.1329791332465254e+18,TickerTop,Top Cryptocoins Ticker,,2019-05-27,0,0,0
686,686,1.1329790675847496e+18,Mecho19391263,Mecho,,2019-05-27,1,6,1
687,687,1.1329791142840689e+18,RedPlumpTomato,RedPlumpTomato,,2019-05-27,0,0,1
688,688,1.13297909178164e+18,May900705643,May9ng,,2019-05-27,0,0,1
689,689,1.126821167216648e+18,SKIDDOW_KIDDO,SKIDDOW,,2019-05-10,0,0,0
690,690,1.126565574891528e+18,CalvinAyre,Calvin Ayre,,2019-05-10,24,81,12
691,691,1.1268232204836454e+18,UItcoin,Uncle â‚¿itcoin,,2019-05-10,0,0,0
692,692,1.1327333809975951e+18,27ketex27,umutsarÄ±,,2019-05-26,7,204,66
693,693,1.1329181004819864e+18,GoldenFarm12,Golden Farm Giveaways & Make Money Game,,2019-05-27,48,54,59
694,694,1.1327408043746632e+18,CCNMarkets,CCN.com,,2019-05-26,26,761,290
695,695,1.13279521018479e+18,bitmania999,å¦„æƒ³175@Blockchainã¯è‡ªå·±è²¬ä»»,,2019-05-26,0,265,89
696,696,1.13297914158882e+18,btcbrwn1,GaryHubbard,,2019-05-27,0,0,0
697,697,1.1329800838142812e+18,cryptoelk,Crypto Elk,,2019-05-27,0,0,0
698,698,1.132979147104432e+18,SecIsKey,No 1 Special,,2019-05-27,0,0,0
699,699,1.1329791484928572e+18,Bhramma5,Brahma,,2019-05-27,0,0,0
700,700,1.132979149868417e+18,crypto__mak,Crypto Mak ğŸŒ,,2019-05-27,0,0,0
701,701,1.132979155165958e+18,EOSBetCasino,EOSBet,,2019-05-27,0,0,0
702,702,1.1329791629714964e+18,AirdropReza,Ali Reza,,2019-05-27,0,0,0
703,703,1.1329791635501956e+18,DianAshari84,Dian jack,,2019-05-27,0,0,0
704,704,1.1329791648211476e+18,koteccyaaan2,é«˜å¶‹koteccyaaanå¾¹éƒ,,2019-05-27,0,0,0
705,705,1.1329791655215144e+18,Larousse____,Larousse,,2019-05-27,0,0,0
706,706,1.1329791659160166e+18,RenaudHeitz,Renaud,,2019-05-27,0,0,0
707,707,1.132979166494638e+18,thaivanhoa4,thaivanhoa,,2019-05-27,0,0,0
708,708,1.1329791685710028e+18,BitcoinBlockBot,BitcoinBlocks,,2019-05-27,0,0,0
709,709,1.1329791725346244e+18,d_mazurek524,Dan Mazurek,,2019-05-27,0,0,0
710,710,1.132979180411474e+18,tsitnik54,Ğ¢Ğ°Ñ‚ÑŒÑĞ½Ğ° Ğ¡Ğ¸Ñ‚Ğ½Ğ¸Ğº,,2019-05-27,0,0,0
711,711,1.1329791845009204e+18,princenikks,NaqashBaigOfficial,,2019-05-27,0,0,0
712,712,1.1329791866021684e+18,takefum50085177,takefumi,,2019-05-27,0,0,0
713,713,1.132979195569746e+18,VoluntaryNation,VoluntaryNation,,2019-05-27,0,0,0
714,714,1.1326761992961966e+18,blockbarrister,Blockchain Barristerâš¡ï¸ğŸ‡¬ğŸ‡§,,2019-05-26,3,65,48
715,715,1.1328415771336088e+18,TiKawamoto,Ti Kawamotoâš¡ğŸ‰,,2019-05-27,17,208,34
716,716,1.1329791852894863e+18,cryptotroymi,cryptoadvisor,,2019-05-27,0,1,1
717,717,1.1272496336237937e+18,ruku_jh,Ruku,,2019-05-11,0,0,0
718,718,1.127257461755224e+18,TriAmbari_,TriAmbari,,2019-05-11,0,0,0
719,719,1.1329791523346432e+18,crypto__mak,Crypto Mak ğŸŒ,,2019-05-27,0,0,1
720,720,1.1329100507401952e+18,TheBitfi,Bitfi - open source: bitfi.dev,,2019-05-27,3,38,14
721,721,1.1321720071712236e+18,AhrvoApp,AhrvoDEEX,,2019-05-25,0,140,120
722,722,1.1329791567848284e+18,crypto__mak,Crypto Mak ğŸŒ,,2019-05-27,0,0,1
723,723,1.1084991153343488e+18,Airdropnotecom,Crypto Airdrops,,2019-03-20,2,8,8
724,724,1.13297922893124e+18,stephenwmorse,Stephen Morse,,2019-05-27,0,0,0
725,725,1.1329792350507292e+18,Guldenhof_Hans,Hans Schraders,,2019-05-27,0,0,0
726,726,1.1329792382549444e+18,y56110411,ã‚ˆã£ã—ãƒ,,2019-05-27,0,0,0
727,727,1.1329792439006452e+18,JermarFlowers,Jermar,,2019-05-27,0,0,0
728,728,1.1329792562151876e+18,coinspyNEWS,Bitcoin NEWS,,2019-05-27,0,0,0
729,729,1.1329792671412838e+18,hotandnewnews,hot news,,2019-05-27,0,0,0
730,730,1.132979275349549e+18,Blockboard_news,BlockBoard,,2019-05-27,0,0,0
731,731,1.132979284832686e+18,cb7BfWZs0Rcqntm,ä»®æƒ³é€šè²¨ï¼ ãƒ—ãƒ¬ã‚¼ãƒ³ãƒˆ,,2019-05-27,0,0,0
732,732,1.1329792900001504e+18,jasmine48882437,äº•ä¸Šç¹”å§«,,2019-05-27,0,0,0
733,733,1.1329792900463124e+18,williamcook1971,ã‚¸ãƒ£ã‚¤ã‚¢ãƒ³â˜…ãƒ‰ãƒ©ãˆã‚‚ã‚“,,2019-05-27,0,0,0
734,734,1.1329792947900128e+18,IDreamOfGems,ğ¼ ğ’Ÿğ“‡ğ‘’ğ’¶ğ“‚ ğ’ªğ’» ğ’¢ğ‘’ğ“‚ğ“ˆ,,2019-05-27,0,0,0
735,735,1.1329792977932492e+18,devnullius,âŒ #Altcoin Devvie âŒ,,2019-05-27,0,0,0
736,736,1.1329793078554008e+18,birtotay,birtota,,2019-05-27,0,0,0
737,737,1.1328156831656796e+18,alexvallenilla,alex vallenilla,,2019-05-26,0,0,0
738,738,1.1221370402782372e+18,CoinsAirdrops,Crypto Airdrops,,2019-04-27,1,13,6
739,739,1.1252742436027471e+18,omgfin,Omgfin,,2019-05-06,20,256,110
740,740,1.1311918982726124e+18,daniel_wwf,Daniel âš¡,,2019-05-22,5,17,8
741,741,1.1328693127237916e+18,BelensayFinans,ğ”‚ğ‘’ÅŸğ’¾ğ“‚ğ’·ğ‘’ğ“ğ‘’ğ“ƒğ“ˆğ’¶ğ“,,2019-05-27,1,64,63
742,742,1.1328699356324536e+18,BelensayFinans,ğ”‚ğ‘’ÅŸğ’¾ğ“‚ğ’·ğ‘’ğ“ğ‘’ğ“ƒğ“ˆğ’¶ğ“,,2019-05-27,0,62,51
743,743,1.1329792221531914e+18,swissborg,SwissBorg,,2019-05-27,0,17,5
744,744,1.1204225436415345e+18,EliteMiningInc,Elite Mining Inc,,2019-04-22,11,81,367
745,745,1.132979321327542e+18,JtheKruse,Joe Kruse,,2019-05-27,0,0,0
746,746,1.1329793245697024e+18,PowAfrica,Africa Crypto News,,2019-05-27,0,0,0
747,747,1.1329793248967598e+18,_MadisonSk,Madison,,2019-05-27,0,0,0
748,748,1.13297932620127e+18,zabta,Ashfaq Ahmad Khan,,2019-05-27,0,0,0
749,749,1.1329793332308788e+18,BrandenBlackfo1,Branden Blackford,,2019-05-27,0,0,0
750,750,1.13297934125457e+18,born2askwhy,born2askwhy,,2019-05-27,0,0,0
751,751,1.1329793376769556e+18,ApostolicKing,"Attila, house of KalmÃ¡r",,2019-05-27,0,0,0
752,752,1.1329793522353316e+18,CryptoBuyerSell,CryptoBuyerSeller,,2019-05-27,0,0,0
753,753,1.1329794452314396e+18,PaulRexxo,Paul Rexxo,,2019-05-27,0,0,0
754,754,1.1329760809676145e+18,srdrsny,Serdar Senay,,2019-05-27,0,1,1
755,755,1.1329792699974368e+18,cointrend_jp,COINTREND,,2019-05-27,0,0,1
756,756,1.1329793584680714e+18,CammyAmster,Cammy Amster,,2019-05-27,0,0,0
757,757,1.1329793596005828e+18,melvageer,Melvageer Media,,2019-05-27,0,0,0
758,758,1.13297936397099e+18,CleanApp,CleanApp,,2019-05-27,0,0,0
759,759,1.1329793650951044e+18,rakesh_abhinav,Abhinav Rakesh,,2019-05-27,0,0,0
760,760,1.1329793707405272e+18,H_W_Abnormal,lapiness@ä¾‹å¤§ç¥­ãµ45a,,2019-05-27,0,0,0
761,761,1.1329793886377329e+18,CarlosPassoss,VOCES SAO UM COCÃ”!,,2019-05-27,0,0,0
762,762,1.128994819680813e+18,coin_lol,LOLEIUofficial,,2019-05-16,0,27,27
763,763,1.1329535875486596e+18,OthniYael,Yael Othni,,2019-05-27,0,0,0
764,764,1.1328901591402208e+18,BelensayFinans,ğ”‚ğ‘’ÅŸğ’¾ğ“‚ğ’·ğ‘’ğ“ğ‘’ğ“ƒğ“ˆğ’¶ğ“,,2019-05-27,2,100,74
765,765,1.1303234242727196e+18,Angel_one81,Angel_mark,,2019-05-20,0,0,0
766,766,1.1306082481497416e+18,AltcoinSara,Crypto Sara,,2019-05-20,338,458,346
767,767,1.1329613020271e+18,AmberesCoin,Amberes Coin,,2019-05-27,2,11,6
768,768,1.132979322560688e+18,Cyrus_Fazel,Cyrus Fazel,,2019-05-27,0,6,3
769,769,1.1326493929205144e+18,ColinTCrypto,Colin Talks Crypto,,2019-05-26,4,40,4
770,770,1.1329793482801028e+18,RedditBTC,/r/Bitcoin,,2019-05-27,0,79,20
771,771,1.1329793909613444e+18,zzetkl5,Cemâ€™in 6.hissi,,2019-05-27,0,0,0
772,772,1.1329793966027366e+18,DetroitCrypto,J. Scardina,,2019-05-27,0,0,0
773,773,1.132979398087467e+18,melmandex,Os.,,2019-05-27,0,0,0
774,774,1.1056113978729964e+18,coinairdropall,Crypto Airdrops,,2019-03-12,0,0,1
775,775,1.132979415158145e+18,jwbaldr,JW Baldr,,2019-05-27,0,0,0
776,776,1.1329794215420682e+18,juliocesar0113,Julio CÃ©sar DÃ­az,,2019-05-27,0,0,0
777,777,1.1329794295362191e+18,btcbrwn1,GaryHubbard,,2019-05-27,0,0,0
778,778,1.1327529379466895e+18,AmberesCoin,Amberes Coin,,2019-05-26,2,16,17
779,779,1.1329794361885572e+18,webnowcompany,webnow,,2019-05-27,0,0,0
780,780,1.1329117524028744e+18,CryptoDonAlt,DonAlt,,2019-05-27,70,1198,83
781,781,1.1329794476222504e+18,RadioWTC,Radio WTC Venezuela,,2019-05-27,0,0,0
782,782,1.1329794546770042e+18,andrey30249749,andrey,,2019-05-27,0,0,0
783,783,1.1329794573907764e+18,frkm0005,Frkm0005,,2019-05-27,0,0,0
784,784,1.1329794581582766e+18,Everson13808557,Everson dos Santos,,2019-05-27,0,0,0
785,785,1.1329797582396334e+18,CryptoPressNews,Crypto Press,,2019-05-27,0,1,2
786,786,1.132926451999576e+18,rin_shinshin,ã‚Šã‚“,,2019-05-27,2,48,12
787,787,1.1329794311847854e+18,Free_Waver,Andrey Mastykin,,2019-05-27,0,0,1
788,788,1.1327494976736708e+18,Vindyne8,Vindyne8,,2019-05-26,0,14,14
789,789,1.1328101469906452e+18,alexvallenilla,alex vallenilla,,2019-05-27,0,4,3
790,790,1.1289838689194188e+18,dantherealm4n,Daniel Stricker,,2019-05-16,4,83,30
791,791,1.1329794749439428e+18,seanmatthewilly,Sean Matthew Williamson,,2019-05-27,0,0,0
792,792,1.1329794784545792e+18,lucasramsey25,Lucas Ramsey,,2019-05-27,0,0,0
793,793,1.1329794858617324e+18,bisto_chris,Chris Bisto,,2019-05-27,0,0,0
794,794,1.1329794928451748e+18,Rule1Trading,SeanD,,2019-05-27,0,0,0
795,795,1.13297949628024e+18,PAN_PAN_SAN_,ã±ã‚“ã±ã‚“ã•ã‚“çµ†,,2019-05-27,0,0,0
796,796,1.1329795153644544e+18,duzz81,DUZZ81,,2019-05-27,0,0,0
797,797,1.1329795032680244e+18,Cointelegraph,Cointelegraph,,2019-05-27,0,0,1
798,798,1.1329795302625608e+18,crypto_ttd,Hanabi@ä»®æƒ³é€šè²¨æƒ…å ±,,2019-05-27,0,0,0
799,799,1.132979536151294e+18,urobuyeg9t011,çŠ¬å¡šä»®æƒ³é€šè²¨ã‚­ãƒ,,2019-05-27,0,0,0
800,800,1.132979543805956e+18,Luca95344348,Luca,,2019-05-27,0,0,0
801,801,1.1329795447832412e+18,Kediri_020,.,,2019-05-27,0,0,0
802,802,1.1329795461254184e+18,ElcyJanky,Janky Elcy,,2019-05-27,0,0,0
803,803,9.06181724786352e+17,Crypto3TH,Crypto,,2017-09-08,3,5,3
804,804,1.1329795516199567e+18,galgitron,galgitron (no price predictions),,2019-05-27,0,0,0
805,805,1.1329795516996484e+18,jmm77585,katrine ma,,2019-05-27,0,0,0
806,806,1.1329795702595052e+18,Allen55818933,BARSHEEP,,2019-05-27,0,2,1
807,807,1.1329795552481034e+18,CryptoZach710,Zachary Chaltiel,,2019-05-27,0,0,0
808,808,1.132979558670426e+18,x4mGjFGj0XUxAKh,ãŠé…¢,,2019-05-27,0,0,0
809,809,1.1329795664383631e+18,benchipress555,è„±ã‚µãƒ©ã—ãŸã„ãƒ™ãƒ³ãƒãƒ—ãƒ¬ã‚¹ãƒãƒ³ğŸ¥š,,2019-05-27,0,0,0
810,810,1.132892669984641e+18,cryptolenon,ç‰©ä¹ã„ãƒ¬ãƒãƒ³,,2019-05-27,1,50,6
811,811,1.1329795169205532e+18,socialstartny,Social Start NY,,2019-05-27,0,0,1
812,812,1.1275952507788124e+18,tudorconstantin,tudorconstantin,,2019-05-12,0,0,0
813,813,1.132967116494258e+18,makinvestment,MAK,,2019-05-27,17,238,6
814,814,1.1289621689536716e+18,mutex_bln,Morz,,2019-05-16,3,83,35
815,815,1.1145469992888442e+18,Airdropnotecom,Crypto Airdrops,,2019-04-06,2,17,8
816,816,1.1329795528404992e+18,Bitdepositary,Bitdepositary,,2019-05-27,1,7,2
817,817,1.1329795170127503e+18,PieceOfThePy,Piece Of The Py ğŸ‘¸ğŸ½,,2019-05-27,9,113,10
818,818,1.132979573115818e+18,PaulMcGowan75,Paul McGowan,,2019-05-27,0,0,0
819,819,1.1329763956075764e+18,CrytoCoins,CryptoCoins,,2019-05-27,1,2,1
820,820,1.132979579151368e+18,jmm77585,katrine ma,,2019-05-27,0,0,0
821,821,1.132979581676282e+18,FxgolgoB,Fxgolgo bot,,2019-05-27,0,0,0
822,822,1.1329795865962536e+18,Florence_Bate01,Florence Bate,,2019-05-27,0,0,0
823,823,1.1329795917301432e+18,thisnotatest,Ricardo Santos,,2019-05-27,0,0,0
824,824,1.132979602253656e+18,UnitedCoin_,UnitedCoin,,2019-05-27,0,0,0
825,825,1.1329796047744244e+18,CerenRangarajan,Rangarajan Ceren,,2019-05-27,0,0,0
826,826,1.1329796065486232e+18,ArtursLacinjans,Arturs Lacinjans,,2019-05-27,0,0,0
827,827,1.1329796102270404e+18,KindMan75,Peter Brown,,2019-05-27,0,0,0
828,828,1.1329796188923864e+18,kredittnorge,Morten Bryne,,2019-05-27,0,0,0
829,829,1.132979620352004e+18,jmm77585,katrine ma,,2019-05-27,0,0,0
830,830,1.1329796411557642e+18,eugwinter,eugene winter,,2019-05-27,0,0,0
831,831,1.1329796412437135e+18,acetthin,Cloud Token Smart Wallet,,2019-05-27,0,0,0
832,832,1.1329796496660028e+18,gator_bitcoin,Bitcoin Florida GatorğŸŠ,,2019-05-27,0,0,0
833,833,1.132979654078468e+18,PaulMcGowan75,Paul McGowan,,2019-05-27,0,0,0
834,834,1.1329796542671994e+18,elshowfi,omar elshowfi,,2019-05-27,0,0,0
835,835,1.1329796582265774e+18,jhypes1988,jhypes,,2019-05-27,0,0,0
836,836,1.1329142837450956e+18,KryllPrice,Kryll Price,,2019-05-27,0,0,0
837,837,1.1268190235455652e+18,cryptomorrowcom,Cryptomorrow,,2019-05-10,0,0,0
838,838,1.132979604493357e+18,slam_trade,Slamtrade,,2019-05-27,0,3,1
839,839,1.1272497215281356e+18,isalasc,IvÃ¡n,,2019-05-11,0,0,0
840,840,1.1327333431734232e+18,Josh_Rager,Josh Rager ğŸ“ˆ,,2019-05-26,7,133,15
841,841,1.1305965031253976e+18,CoinsAirdrops,Crypto Airdrops,,2019-05-20,0,7,5
842,842,1.132896188384944e+18,tradingroomapp,Trading Room,,2019-05-27,3,98,14
843,843,1.1326879149058008e+18,WishToken,Wish Token,,2019-05-26,34,41,37
844,844,1.1329796484957263e+18,profileA006,Henry Liu,,2019-05-27,2,33,4
845,845,1.1329796640063406e+18,coinspectator,Coin Spectator - Real-time cryptocurrency news,,2019-05-27,0,0,0
846,846,1.1329796710234767e+18,WillemKadijk,Mr Blue {Maximalist),,2019-05-27,0,0,0
847,847,1.1329676286649876e+18,KatanaRomans,KatanaRomans,,2019-05-27,0,0,1
848,848,1.132979679953064e+18,coinwages,Coinwages (CWG),,2019-05-27,0,0,0
849,849,1.1329796814378556e+18,DetroitCrypto,J. Scardina,,2019-05-27,0,0,0
850,850,1.1329796815551242e+18,eatBCH_VE,eatBCH Venezuela,,2019-05-27,0,0,0
851,851,1.1329796852335534e+18,msdenmail,"America, I love you",,2019-05-27,0,0,0
852,852,1.132979686722736e+18,jlingomusic,Johnny Lingo Music,,2019-05-27,0,0,0
853,853,1.132624483989242e+18,Stadicus3000,Stadicus ğŸŒ®âš¡ğŸ”‘,,2019-05-26,19,336,46
854,854,1.1329796992972676e+18,Enoch9D,Archangel Chamuel,,2019-05-27,0,0,0
855,855,1.1329797185323252e+18,CleanApp,CleanApp,,2019-05-27,0,0,0
856,856,1.132979723582214e+18,BitsComplicated,BitsComplicated,,2019-05-27,0,0,0
857,857,1.1329797297730804e+18,_CryptoReality_,ğŸ˜ Crypto Reality ğŸ˜,,2019-05-27,0,0,0
858,858,1.1329797333255823e+18,CerenRangarajan,Rangarajan Ceren,,2019-05-27,0,0,0
859,859,1.1329797389544038e+18,wilsonc82605210,wilsoncampos,,2019-05-27,0,0,0
860,860,9.86254195283161e+17,keno_sanders,Keno Sanders,,2018-04-17,1,7,1
861,861,1.132979747359744e+18,coinwisdom2017,Coin Wisdom News,,2019-05-27,0,0,0
862,862,1.1329789351412164e+18,mercadosyaccion,Mercados y Acciones,,2019-05-27,2,35,30
863,863,1.1329796736951788e+18,infoPitermail,ĞĞµÑ„Ñ‚ÑŒ&Ğ’Ğ°Ğ»ÑÑ‚Ğ°,,2019-05-27,0,0,1
864,864,1.1329797150426234e+18,richzieanderson,MAN FROM THE FUTURE,,2019-05-27,0,0,1
865,865,1.1329581648093756e+18,TheHodler,Hodor the strider ğŸ‡©ğŸ‡ª,,2019-05-27,0,0,0
866,866,1.1329797803185807e+18,kurneoldu,Kur Ne Oldu,,2019-05-27,0,0,0
867,867,1.1268190183571292e+18,hqnveAaPVhIw5Go,ã“ã—ã‚ˆ,,2019-05-10,0,0,0
868,868,1.132972167124144e+18,rektcapital,Rekt Capital,,2019-05-27,9,167,16
869,869,1.1328641670971104e+18,tdybahamas,TDY Bahamas,,2019-05-27,0,0,0
870,870,1.1328672162890136e+18,tdybahamas,TDY Bahamas,,2019-05-27,0,1,1
871,871,1.1329797643802214e+18,BitcoinIndeciso,Bitcoin Indeciso,,2019-05-27,0,0,0
872,872,1.13297976455637e+18,CryptoTopCharts,Crypto Top Charts,,2019-05-27,0,0,0
873,873,1.1329797637678572e+18,EmilyMa09688501,Emily Manson,,2019-05-27,0,0,0
874,874,1.132979764678058e+18,frenchweb,ğŸ‡«â€‹ğŸ‡¼,,2019-05-27,0,0,0
875,875,1.1329797658146036e+18,RichTvAfrica,Rich TvAfrica,,2019-05-27,0,0,0
876,876,1.1329797661922016e+18,TheCryptoBox,CryptoBox âš¡,,2019-05-27,0,0,0
877,877,1.1329797671023328e+18,VlaskampWafaa,Wafaa Vlaskamp,,2019-05-27,0,0,0
878,878,1.1329797664648644e+18,crypto_sixty,Tony @ crypto60,,2019-05-27,0,0,0
879,879,1.1329797683815916e+18,short_vs_long,SHORT vs LONG(Beta),,2019-05-27,0,0,0
880,880,1.1329797691910922e+18,short_vs_long,SHORT vs LONG(Beta),,2019-05-27,0,0,0
881,881,1.1329797691030036e+18,IAMboater,ğŸ¥‡Capt. Admiral-General UrÃ¦lius:â­â­â­â­â­KnuckleheadğŸ‘Œ,,2019-05-27,0,0,0
882,882,1.1329797699083224e+18,NapalmDeathBot,Napalm Death Bot,,2019-05-27,0,0,0
883,883,1.1329797705584188e+18,btc_ticker,BTC Ticker,,2019-05-27,0,0,0
884,884,1.1329797708772024e+18,ChernyatinaVika,Debbie Duncan,,2019-05-27,0,0,0
885,885,1.1329797711163471e+18,the1bitcoinbot,TheOneBitcoinBot âš¡,,2019-05-27,0,0,0
886,886,1.1329797714602063e+18,Bitcoin_MXN,Precio Bitcoin,,2019-05-27,0,0,0
887,887,1.132979771615404e+18,bt_exchange,Bitcoin Exchange BR,,2019-05-27,0,0,0
888,888,1.1329797716657684e+18,bitcoinprice_,Bitcoin Price,,2019-05-27,0,0,0
889,889,1.1329797713847172e+18,BTCaUSD,Precio Bitcoin,,2019-05-27,0,0,0
890,890,1.132979771418194e+18,ForkNews_io,ForkNews,,2019-05-27,0,0,0
891,891,1.1329571769081935e+18,btcalpha,BTC-Alpha LTD,,2019-05-27,3,23,11
892,892,1.1329797691952824e+18,NoozzleSpace,noozzle.space,,2019-05-27,0,4,1
893,893,1.1329796801292984e+18,Cointelegraph,Cointelegraph,,2019-05-27,0,18,11
894,894,1.1329797801969992e+18,moneroprice_,Monero Price,,2019-05-27,0,1,1
895,895,1.1329797656175944e+18,bit2me,Bit2Me,,2019-05-27,1,5,7
896,896,1.132979771841876e+18,takeoff_tech,TKO,,2019-05-27,0,0,0
897,897,1.132979772777222e+18,ethprice_,Ethereum Price,,2019-05-27,0,0,0
898,898,1.1329797730666824e+18,lcccoder,CryptoCoin,,2019-05-27,0,0,0
899,899,1.1329797724920012e+18,bitcoinhacks,Bitcoin News,,2019-05-27,0,0,0
900,900,1.132979772240171e+18,dashpayprice,dashpayprice,,2019-05-27,0,0,0
901,901,1.1329797733181276e+18,coins_cat,ã“ã„ã‚“ã­ã“,,2019-05-27,0,0,0
902,902,1.1329797727982632e+18,mineshaft_io,Mineshaft Mining Charts,,2019-05-27,0,0,0
903,903,1.1329797735447631e+18,bitcoinrate247,BitcoinExchangeRate,,2019-05-27,0,0,0
904,904,1.1329797734777404e+18,cryptoc_cheap,ã„ã¾æ³¨ç›®ã®æ ¼å®‰ä»®æƒ³é€šè²¨ï¼,,2019-05-27,0,0,0
905,905,1.1329797737795052e+18,asens_inc,ASENS inc.,,2019-05-27,0,0,0
906,906,1.1329797739475023e+18,cryptcoin_trade,Crypto Trader,,2019-05-27,0,0,0
907,907,1.132979774102618e+18,gntprice,Golem Price,,2019-05-27,0,0,0
908,908,1.132979774333362e+18,CryptoHourly,crypto Hourly,,2019-05-27,0,0,0
909,909,1.1329797744549928e+18,cryptoticker247,Cryptoticker,,2019-05-27,0,0,0
910,910,1.1329797747360113e+18,CryptoPrices365,CryptoPricesDaily,,2019-05-27,0,0,0
911,911,1.1329797744381664e+18,xmr_btc,XMRToBTC,,2019-05-27,0,0,0
912,912,1.132979774886957e+18,bitapeso,Bit A Peso,,2019-05-27,0,0,0
913,913,1.132979774157185e+18,CoinTrendz,CoinTrendz.com,,2019-05-27,0,0,0
914,914,1.1329797751428014e+18,neoprice_,NEO Price,,2019-05-27,0,0,0
915,915,1.1329797752434648e+18,anoop_rana,Anoop Rana,,2019-05-27,0,0,0
916,916,1.132979776157696e+18,top_3_coin,Top 3 Coin,,2019-05-27,0,0,0
917,917,1.1329797763508184e+18,rippleprice_,Ripple Price,,2019-05-27,0,0,0
918,918,1.1329797759606948e+18,thirdbrainfx,ThirdBrainFx,,2019-05-27,0,0,0
919,919,1.1329797772482764e+18,L00Y,ç¯ å‚ ğŸ¦€blockchainğŸ¦€,,2019-05-27,0,0,0
920,920,1.1329797773447576e+18,btcjpy_macd_not,ãƒ“ãƒƒãƒˆã‚³ã‚¤ãƒ³å£²è²·ã‚µã‚¤ãƒ³é€šçŸ¥bot,,2019-05-27,0,0,0
921,921,1.1329797775378104e+18,siaprice,Siacoin Price,,2019-05-27,0,0,0
922,922,1.1329797784857068e+18,status_crypto,Crypto Status,,2019-05-27,0,0,0
923,923,1.1329797784689295e+18,bchprice_,Bitcoin Cash Price,,2019-05-27,0,0,0
924,924,1.1329797787625432e+18,coindataza,CoinData,,2019-05-27,0,0,0
925,925,1.132979779345498e+18,ltcprice_,Litecoin Price,,2019-05-27,0,0,0
926,926,1.1329797804862792e+18,InfoProNetwork,IAM Platform,,2019-05-27,0,0,0
927,927,1.132979780779991e+18,coin_chart,ä»®æƒ³é€šè²¨ãƒãƒ£ãƒ¼ãƒˆ,,2019-05-27,0,0,0
928,928,1.1329797812579246e+18,xlmprice,Stellar Price,,2019-05-27,0,0,0
929,929,1.1329797811363388e+18,btc_orderalert,BTCæ¿ã‚¢ãƒ©ãƒ¼ãƒˆğŸš¨,,2019-05-27,0,0,0
930,930,1.13297978248704e+18,betbtc,BetBTC,,2019-05-27,0,0,0
931,931,1.13297978241579e+18,EyeOfCrypto1,EyeOfCrypto,,2019-05-27,0,0,0
932,932,1.132979783606952e+18,BlackRhinoShop,blackrhino,,2019-05-27,0,0,0
933,933,1.1329797833636412e+18,coinmarketwars,CoinMarketWars,,2019-05-27,0,0,0
934,934,1.1329797839843942e+18,Bitarg21,Bitarg,,2019-05-27,0,0,0
935,935,1.1329797840555828e+18,BTC_Stats2,BTC_Stats,,2019-05-27,0,0,0
936,936,1.132979783803912e+18,btc_orderalert,BTCæ¿ã‚¢ãƒ©ãƒ¼ãƒˆğŸš¨,,2019-05-27,0,0,0
937,937,1.1329797774998282e+18,btc_orderalert,BTCæ¿ã‚¢ãƒ©ãƒ¼ãƒˆğŸš¨,,2019-05-27,0,0,0
938,938,1.1329797864799516e+18,bitcoincashjp,BitcoinCash JP,,2019-05-27,0,0,0
939,939,1.13297978668118e+18,rVSb0VZGjVIRyYa,ã‚¯ãƒªãƒ—ãƒˆ58,,2019-05-27,0,0,0
940,940,1.1329797876963656e+18,BTCticker,bitcointicker.co,,2019-05-27,0,0,0
941,941,1.1329797883255768e+18,coinsinsights,Coins Insights,,2019-05-27,0,0,0
942,942,1.132979788421976e+18,CryptoPriceCall,Crypto Price Trading 30m,,2019-05-27,0,0,0
943,943,1.132979788380033e+18,VillamizarITPro,Daniel Villamizar,,2019-05-27,0,0,0
944,944,1.1329797885519832e+18,DolarBTCVe,Dolar BTC Ve,,2019-05-27,0,0,0
945,945,1.1329797895165664e+18,marketcapbot,MarketCapBOT,,2019-05-27,0,0,0
946,946,1.1329797888749976e+18,BTCticker,bitcointicker.co,,2019-05-27,0,0,0
947,947,1.1329797909805711e+18,CryptoMKT,CryptoMarket,,2019-05-27,0,0,0
948,948,1.1329797921045583e+18,BitcoinOPlomo,Bitcoin_O_Plomo,,2019-05-27,0,0,0
949,949,1.1329797931993416e+18,FluPhotos,FluPhotos,,2019-05-27,0,0,0
950,950,1.1329797924862566e+18,CryptoLitmus,Crypto Litmus,,2019-05-27,0,0,0
951,951,1.1329799476208558e+18,gogo_jam,ãƒãƒ£ãƒ³ãƒ¢ãƒª,,2019-05-27,0,0,0
952,952,1.1329802684433284e+18,DeribitRekt,DeribitRekt,,2019-05-27,0,0,0
953,953,1.126825601233576e+18,Janiva99717480,Janiva,,2019-05-10,0,0,0
954,954,1.1268268200982528e+18,Telix05,Opeyemi Olalekan,,2019-05-10,0,0,0
955,955,1.1268246007704372e+18,amorosBTC,Amoros,,2019-05-10,0,1,1
956,956,1.1329797966636032e+18,marko_55,ãƒãƒ«ã‚³,,2019-05-27,0,0,0
957,957,1.1329797969027356e+18,bitcoinjp,ãƒ“ãƒƒãƒˆã‚³ã‚¤ãƒ³å††ç›¸å ´,,2019-05-27,0,0,0
958,958,1.132979916184707e+18,CryptoJasonNL,Crypto Jason,,2019-05-27,0,0,0
959,959,1.132979796433146e+18,VillamizarITPro,Daniel Villamizar,,2019-05-27,0,0,0
960,960,1.1329797963575992e+18,kcstoken,KuCoin Shares - $KCS,,2019-05-27,0,0,0
961,961,1.1329797981402356e+18,CityofInvestmnt,City Of Investment,,2019-05-27,0,0,0
962,962,1.1329797983918364e+18,btcreports,Wayne Knox,,2019-05-27,0,0,0
963,963,1.1329798004805916e+18,VillamizarITPro,Daniel Villamizar,,2019-05-27,0,0,0
964,964,1.1329798010971464e+18,VillamizarITPro,Daniel Villamizar,,2019-05-27,0,0,0
965,965,1.1329798007783956e+18,HYIPPEPE1,HYIPPEPE,,2019-05-27,0,0,0
966,966,1.1329798026574438e+18,lawofmath,LawOfMath Crypto Trading Bot,,2019-05-27,0,0,0
967,967,1.1329798106266746e+18,bitcoin_hourly,Bitcoin Hourly ğŸ¤–,,2019-05-27,0,0,0
968,968,1.132979810937e+18,WorldCoinIndex,WorldCoinIndex,,2019-05-27,0,0,0
969,969,1.1329798140783738e+18,QwarkC,QwarkStreeCo,,2019-05-27,0,0,0
970,970,1.132979817312346e+18,BitcoinDailyy,Bitcoin Bot,,2019-05-27,0,0,0
971,971,1.132979818688131e+18,GingerJ30328208,Ginger Jones,,2019-05-27,0,0,0
972,972,1.1329798183818812e+18,jasonclarktwit,Jason Clark,,2019-05-27,0,0,0
973,973,1.1329798202693754e+18,btcprotrading,bitcoinprotrading,,2019-05-27,0,0,0
974,974,1.1329798231634534e+18,cryptoguy1948,crypto,,2019-05-27,0,0,0
975,975,1.1329798247907697e+18,coins24by7,Coins24by7,,2019-05-27,0,0,0
976,976,1.13297982642219e+18,CryptoStatsBot,Crypto Stats Bot,,2019-05-27,0,0,0
977,977,1.132979826560766e+18,VillamizarITPro,Daniel Villamizar,,2019-05-27,0,0,0
978,978,1.132979828347609e+18,Unic0rnCharts,Unic0rn,,2019-05-27,0,0,0
979,979,1.1329798270556938e+18,robostopia,Robostopiaâ„¢,,2019-05-27,0,0,0
980,980,1.1329798332423086e+18,robostopia,Robostopiaâ„¢,,2019-05-27,0,0,0
981,981,1.1328435082078904e+18,QTRResearch,Quoth the Raven,,2019-05-27,36,372,58
982,982,1.1327463072553082e+18,BelensayFinans,ğ”‚ğ‘’ÅŸğ’¾ğ“‚ğ’·ğ‘’ğ“ğ‘’ğ“ƒğ“ˆğ’¶ğ“,,2019-05-26,1,99,84
983,983,1.1329647605244148e+18,RealCoinGeek,CoinGeek,,2019-05-27,0,18,6
984,984,1.132979833619796e+18,GuiaBitcoinES,GuiaBitcoin.com,,2019-05-27,0,0,0
985,985,1.1329798335568732e+18,CoinTradingBot,Coin Trading Analytics,,2019-05-27,0,0,0
986,986,1.1329798351003852e+18,MrCryptoCat,CryptoCat,,2019-05-27,0,0,0
987,987,1.132979917128442e+18,lawofmath,LawOfMath Crypto Trading Bot,,2019-05-27,0,0,0
988,988,1.1329798351130255e+18,lightningsignal,Lightning Signals,,2019-05-27,0,0,0
989,989,1.1329797960556462e+18,SilentWhstlBlwr,Junko Suzuki,,2019-05-27,0,1,1
990,990,1.132979840934662e+18,mnstxq,ğŸ”twt,,2019-05-27,0,0,0
991,991,1.1329798439504036e+18,Carlos1138,Carlos R.,,2019-05-27,0,0,0
992,992,1.1329798500488806e+18,CryptoGulp,Crypto Gulp,,2019-05-27,0,0,0
993,993,1.1329798502878863e+18,KoinKnight,KoinKnight,,2019-05-27,0,0,0
994,994,1.132979850313003e+18,KoinKnight,KoinKnight,,2019-05-27,0,0,0
995,995,1.132979850375979e+18,KoinKnight,KoinKnight,,2019-05-27,0,0,0
996,996,1.132979848333316e+18,BlockchainAge,BlockchainAge,,2019-05-27,0,0,0
997,997,1.1329798509212262e+18,CoinlibWatcher,CoinlibWatcher,,2019-05-27,0,0,0
998,998,1.1329798544108872e+18,trxPrice,Tron Price ($TRX),,2019-05-27,0,0,0
999,999,1.1329798551741644e+18,rat_race,jumbo,,2019-05-27,0,0,0
